title: EEG-recording_1, recorded: 18.06.24 15.16.29, timestamp started:2017-11-21T16:17:43.558438-08:00            , sampling:128, subject:, labels:COUNTER INTERPOLATED F3 FC5 AF3 F7 T7 P7 O1 O2 P8 T8 F8 AF4 FC6 F4 RAW_CQ GYROX GYROY MARKER MARKER_HARDWARE SYNC TIME_STAMP_s TIME_STAMP_ms CQ_AF3 CQ_F7 CQ_F3 CQ_FC5 CQ_T7 CQ_P7 CQ_O1 CQ_O2 CQ_P8 CQ_T8 CQ_FC6 CQ_F4 CQ_F8 CQ_AF4 CQ_CMS CQ_DRL, , chan:40, samples:402, units:emotiv
246,8124.10257231,5610.76923362,585.38460761,5828.58974693,5494.10256675,6083.07692697,5845.64102905,5959.87179849,6807.82051824,5054.61538636,4255.76923077,1501.41025058,4164.74358954,1798.07691787,4416.66666702,181,41
14,2046.92307227,5924.48718303,8054.48718755,8183.97436732,5220.89743799,4857.30769356,405.25640213,1535.38460962,3021.28204871,1744.35896908,1127.43589084,4775.25641137,4705.64102662,6997.17949302,189.48717087,46,85
220,921.15383914,6169.87179891,3197.05127983,1095.64101897,4426.79487215,2530.76922716,4375.38461567,7084.10257008,2440.64102182,1401.92307088,240.12819665,873.46153131,1155.51281398,1727.17948183,2535.12820152,215,219
191,7068.46154444,8335.89744452,4219.99999993,3657.56410132,3197.05127983,817.43589014,1478.20512237,5561.15384894,5920.12820868,6445.12820979,3028.46153589,771.28204392,5410.25641269,496.79486388,7122.30769843,169,115
118,3679.74358857,4085.38461504,5214.23077125,7263.97436537,5485.12820777,5281.02564318,3254.74358766,1099.23076256,452.43588938,6575.51282545,1657.43589195,1805.38461025,4327.94871809,4632.05128289,7798.20513571,33,206
130,4180.25641012,2397.30768842,2551.15384254,2039.35896971,5554.74359253,2601.79486832,2634.23076583,3505.51281892,8208.97436739,8387.17949594,1935.12820020,5215.89743792,1587.43589181,4191.92307679,3756.28205024,106,154
248,2257.43589320,8221.92308533,385.76922257,7860.51282816,2433.46153464,3073.58974109,1335.64101946,8395.89744466,2941.66666389,8175.38462373,2912.94871510,7720.76923814,3436.02563929,7275.51282691,6664.61538976,255,120
107,3544.23076771,4519.35897492,3019.87179230,1627.05127650,7078.71795470,4517.05128261,3911.66666598,1023.58973678,2795.51281746,6105.38461935,6626.79487680,6772.94872330,8312.69231631,5199.87179689,2264.87179071,31,235
197,1434.23076326,477.17947919,1123.71794212,492.05127406,6211.15385033,1881.92307192,5054.61538636,1649.35896887,5890.00000348,705.76922327,1159.61537809,8319.74359836,3667.05128080,3500.76922917,6632.56410764,50,226
141,449.61537656,4333.71794893,362.43588924,1549.99999431,7825.89744348,1815.89743076,2729.35897117,2908.33333049,3796.79487083,2516.02563735,6231.28205546,2892.56409972,7590.25641735,2386.92307297,31.66665771,88,219
230,3344.61538267,5109.35897617,1666.02563554,7006.79487764,6722.94872316,2650.89743250,5916.53846509,3419.74358801,6761.15385151,2844.48717650,7479.23077604,6106.15385012,4356.02564124,820.12819784,8113.97436718,104,101
124,2202.43589313,5062.82051456,6236.66667091,3693.20512703,672.69230012,2275.25640609,6689.74359489,1565.51281482,3313.58974158,6059.48718331,6590.51282545,4889.74359107,7416.53846821,3281.15384407,6333.07692746,47,21
243,4230.12820506,3270.51281843,5335.89743819,8325.25641888,4553.07692371,8255.00000848,7095.00000605,8155.89744417,7014.10256994,2621.02563756,1761.92307165,5972.05128567,831.53845432,3263.20512612,731.02563359,248,107
161,2131.66666215,1434.99999403,5305.89743812,1878.07691808,783.46153110,2890.51281767,7524.35898131,3428.20512647,5205.51282253,6898.84615948,7895.12821285,7002.43590328,3543.71794719,3546.53846008,8272.17949573,104,160
61,2387.30768835,7911.92308471,6844.74359524,8287.69231624,2620.89743243,3220.76922862,5635.12820805,6229.61538879,6058.97436280,80.76922195,4668.97435988,1296.28204503,5162.56410451,7710.89744320,3511.53845994,189,189
89,202.17947864,5758.71795192,344.10255584,7296.79487826,7764.48718693,2820.89743284,777.94871059,741.53845411,7751.28205872,3273.07692100,4988.97436058,2335.12820110,2500.51281683,4960.76923230,2766.28204816,22,208
114,959.87178793,629.48717185,8052.30770037,358.97435071,1553.20512251,6599.10256911,3407.56410076,7816.66667424,8341.02564972,3892.17948642,5872.94872136,6566.28205622,7419.23077597,2870.25640734,2757.30768918,238,189
140,3403.46153666,5103.84615566,6873.58974915,7469.10257092,2444.87179105,7808.71795623,6948.20513391,6126.41026037,7267.43590383,1218.07691669,2786.66666354,3135.76922841,4926.53846300,337.43588917,31.92306796,186,1
62,5265.89743806,7457.05128886,6050.00000383,276.79486339,2168.46153409,4692.30769321,3942.43589681,3182.43589515,5694.87179793,3974.74358919,5970.12820875,3710.76922966,7519.23077618,4758.71794976,2315.25640616,96,195
140,5122.82051470,7330.51282705,4231.41025634,6017.94872170,752.43589000,6946.53846724,4481.79487229,4311.41025655,2471.92307317,929.10255709,3772.82051178,8308.33334195,3992.05128150,3458.71794705,889.74358266,131,138
164,5732.56410569,7478.07692989,1523.71794295,5188.33333535,382.94870975,6418.71795331,1676.92307151,90.76922195,4103.33333306,2995.25640762,7497.82051970,5628.07692600,6275.25641457,3693.97435780,2383.58973963,2,95
88,7677.69231492,7785.00000751,1047.17948037,4672.43589834,5719.10256723,415.25640213,1093.71794205,5083.07692482,7414.87180155,2639.87179147,3310.89743389,3046.28204871,5795.00000327,4686.15384706,6122.30769627,154,245
63,7150.64103176,2328.97435488,7513.20513509,4142.94871774,7856.53846919,7889.48718720,217.17947864,2501.15384247,4072.94871761,3989.23076868,4502.94871851,7321.79487833,6901.79487743,3631.92307561,1636.41025086,76,217
12,2016.79486707,6729.74359503,5195.38461740,3497.17948559,209.61537607,5032.05128372,311.79486346,3670.51281927,5793.97436224,862.94871080,4565.12820583,4703.07692405,6376.79487632,7664.35898159,549.48717164,111,220
203,2208.97435467,5304.48718171,7861.28205893,6527.56410736,813.07691578,436.02563297,3308.33333132,654.10255646,5227.56410465,3643.71794747,6240.38461963,3430.51281878,783.20512084,2997.56409993,2536.79486819,19,136
226,4199.74358961,4824.74359100,4062.30769189,6574.61538955,1175.76922424,987.05127518,368.84614565,6384.87179939,4541.92307755,1518.33332757,4754.35897541,7634.10257126,7554.48718651,3842.94871712,1382.43589139,194,140
248,7226.53846787,4202.17948711,3481.53845994,8206.66667508,1178.97435245,2455.12820131,8263.07693156,3892.56410180,2302.94871385,7374.48718609,2516.28204760,7069.10257008,7254.61539101,1855.76922570,7940.12821291,118,45
184,3492.82051123,7177.82051901,7849.10257175,5742.94872108,2966.92307422,2244.87179064,6962.30769808,2221.92307262,5344.10256640,2791.66666361,8341.15385484,8198.84616219,567.30768453,271.28204288,5444.87179738,67,56
163,7668.58975082,4051.53846113,1508.58973776,2528.84615024,2641.66666327,1170.89742937,1301.53845529,7470.00000681,3678.33333216,6553.71795359,7688.97436627,1736.79486645,1853.07691801,4306.02564117,7256.28205768,227,140
146,7085.64103162,2566.66666313,5072.69230943,5266.53846370,491.41024842,5982.56410625,6581.79487673,7774.48718693,1409.48717345,1525.76922501,7696.02564833,302.30768397,7386.92308360,1210.12819867,850.89742867,236,205
232,6352.56410702,68.20511938,2025.51281579,7123.33333945,2249.10255987,6739.74359503,2020.51281579,7699.48718679,7293.46154493,6972.05128782,6641.53846661,5133.71795060,3954.23076861,2477.56409882,395.64101751,234,155
234,1959.87179001,2644.87179147,6394.74359426,7114.87180092,4458.58974401,2738.07691988,4918.46153986,1925.51281558,7957.05128991,3046.92307436,1085.51281385,5268.71795088,2809.48717643,183.84614523,2453.84615003,58,254
193,4480.76923126,1135.12819853,7257.17949358,3798.07692211,3672.30769106,7830.89744348,3084.99999750,2356.79486777,2817.05127900,1131.02563443,8146.79488007,2198.07691870,5395.12820756,4385.00000028,5708.33333639,71,246
47,600.89742819,2936.15384338,7536.41026336,993.97435210,2357.30768828,7946.28205914,7280.89744229,6082.43590133,4406.15384651,2466.79486805,7830.00000758,3831.02564013,6872.17949274,7609.61539171,995.12819825,185,171
24,1821.02563589,4791.15384727,5473.33333591,4682.43589834,6472.69231242,5304.74359197,4638.58974443,3263.58974151,6198.97436308,160.64101696,5831.92308026,814.87178758,5071.53846328,2696.02563776,3634.48717817,99,80
171,3726.15384505,5059.74359148,5838.20513154,6981.53846731,8317.94872657,8197.05129039,1086.15383949,1095.76922410,5761.53846474,6175.64102974,2632.69230429,3128.33333097,1272.43589112,7560.25641728,6113.71795268,33,254
237,4144.99999980,2296.92307276,4426.28205163,1328.46153228,7995.51282844,2738.84615065,3715.89743479,738.97435154,2595.38461191,7843.84616142,2231.66666236,2946.28204851,6668.97436412,2200.38461108,902.94871086,22,53
207,2685.38461205,3407.05128025,944.23076222,7815.00000758,1635.25640470,7218.46154472,494.10255618,7088.71795470,8395.89744466,8370.38462414,2077.43589285,6265.89744014,2934.10256133,5553.33333612,2164.48717504,215,184
177,5560.38461817,5216.02564304,489.74358176,2711.66666340,4347.94871816,4237.17948718,4638.07692391,5486.66666931,1686.28204587,4056.92307651,7776.02564846,5857.05128546,4261.53846154,2224.35897005,1978.97435418,167,216
67,433.71794066,1895.38461039,1184.48717303,2607.17948371,3982.43589688,5999.61538830,6661.28205636,6924.10256973,8227.94872636,1662.69230221,2083.33332875,7068.46154444,1606.41025079,8263.46154694,4025.25640977,210,172
29,1165.38460886,6827.69231319,6014.74359350,5452.56410514,4756.53846258,2761.02563790,4466.15384664,2641.53845814,7839.48718707,97.69229887,308.84614551,1001.53845466,7419.74359649,4562.43589813,3010.12820249,80,75
145,2112.94871344,7638.71795588,613.20512050,7598.84616094,4778.58974471,7820.38462296,1933.46153353,1574.61537892,8263.46154694,5072.69230943,4091.53846119,7802.56411007,1484.99999417,2433.33332952,2097.82050824,47,145
57,1645.64102016,6098.84615774,8202.94872629,5403.20513064,2014.35896964,4310.64102578,6191.41026051,355.89742763,7904.10257182,1109.74358308,2172.05127768,5664.87179786,2756.41025322,4749.87179592,3536.53846001,10,253
118,1392.82050678,4165.89743569,6530.64103044,6366.66667112,5321.79487409,5499.35897700,3573.46153701,1681.53845612,7046.15385206,2445.51281669,1054.74358301,3102.82051039,2333.33332931,2363.20512425,1930.51281558,51,201
244,3006.02563839,617.82050511,5835.25641360,356.15383789,1269.48717317,3391.79486999,5955.25641387,119.35896561,2114.87179036,315.89742756,6478.20513293,6671.53846668,1266.28204496,5371.92307929,5288.71795095,3,171
89,4993.33333494,4525.25641082,1503.20512237,1500.76922494,8052.56411063,1047.05127525,7152.43590355,3191.15384393,96.15383733,5963.07692669,6372.82051734,7149.35898048,515.89742798,1873.46153346,4406.79487215,97,166
0,2966.92307422,3423.97435724,8237.82052123,128.71793997,2218.33332903,4148.20512800,4506.41025697,7219.10257036,1469.61537871,7403.97436565,8318.84616247,5153.33333528,1332.43589126,8072.69231576,1222.69230130,219,222
200,1181.53845508,6198.46154257,7424.87180162,5021.02564263,4754.35897541,245.64101717,4075.12820478,6602.82051783,1037.94871114,2101.92307241,2643.07691968,6897.30769794,4014.99999952,4884.10256543,6061.28205511,201,100
232,2462.94871420,1869.99999493,206.02563248,4301.02564117,4086.66666632,2270.76922660,4427.17948753,4248.58974359,7826.28205886,1361.92307081,3016.92307429,237.82050435,411.79486367,917.05127497,7128.33333945,129,104
106,4448.71794914,7596.92308401,4112.94871767,6407.69231228,7537.69231464,78.46152964,6078.07692697,2919.48717664,7682.82052012,8137.94872615,2211.66666236,384.61537642,5151.02564291,2555.12820152,551.92306907,88,92
127,2721.79486853,1602.43589181,5788.97436224,5477.17948975,2700.89743264,2935.25640748,7148.20513432,1464.87178897,3954.61538399,5564.48718227,4592.82051352,6454.23077389,103.33332458,3274.48717741,1495.38460955,44,228
91,3378.07692120,2743.84615065,3025.76922820,4969.23077076,6288.58974790,3119.23076687,4450.12820555,1875.89743090,7662.56410979,4914.23077062,530.38460754,1409.35896832,3440.38461365,668.58973602,7463.97436579,57,144
73,913.46153138,5470.00000257,4935.76923223,5998.07692676,6375.12820965,2601.66666320,5198.46154048,1714.48717414,8104.61539275,7747.05128949,5106.92307873,6329.48718387,7371.92308353,2950.51281774,7902.56411028,52,15
61,6426.41026100,513.58973567,3590.38461400,7869.61539226,2232.43589320,2220.38461108,5521.02564374,3858.84615302,1946.79486693,181.66665805,4188.33333320,6068.58974742,5666.02564402,3242.94871580,5345.00000230,117,139
14,5504.10256675,1718.20512286,2565.89743236,3188.71794650,8216.28205969,353.71794045,1471.53845564,9.23076027,2702.69230443,2591.28204774,6596.79487673,2750.12820194,5522.05128477,4692.56410347,1908.71794379,0,28
202,1721.53845619,5429.10256661,7493.07692996,1113.33332667,7477.05128886,579.48717171,1666.15384067,7176.02564721,7121.28205733,5681.28205434,6297.43590175,4629.74359058,1531.79486603,1602.17948155,2.56409360,218,231
60,4873.58974491,6992.30769815,5891.28205476,7807.94872546,3577.94871656,7168.20513439,4055.64102523,1617.05127650,7542.82051977,7602.05128914,1291.41025016,7248.20513453,6115.76923473,7883.20513592,7250.12821146,49,10
128,1423.84614787,4696.53846252,8258.58975207,3880.89743514,3013.07692044,4348.84615406,257.94870948,6041.02564485,44.48717060,1543.84614815,1407.94871191,479.87178688,223.33332479,8128.97436718,2411.79486791,184,222
230,6651.66667174,4159.10256390,5609.10256696,5654.48718248,2139.48717504,6524.87179967,3385.76922897,2663.84615051,4503.46153902,2931.02563825,7277.56410896,6628.97436398,8118.07693128,1657.69230221,3012.82051018,81,206
163,5715.76923390,3658.07692183,1746.02563575,6623.33333834,5054.35897610,792.17947989,3843.07692225,2600.51281704,7272.30769870,4996.53846314,3826.02564013,5190.38461740,5840.51282385,7280.51282691,7833.58975117,79,176
152,6457.69231235,1535.64101988,2406.92307304,3240.76922862,5209.35897638,5601.66666952,7053.33333924,7847.05128970,5416.92307943,8269.35898284,4633.84615468,4332.69230790,6937.30769801,973.58973664,1928.07691815,239,49
2,6454.74359440,4769.23077035,5102.94871976,3780.51281954,6195.64102974,2999.87179224,8259.10257258,5076.79487354,1614.87178932,8167.05129032,6282.94872226,520.12819721,893.46153138,5084.35897610,2516.02563735,154,22
251,2855.64102273,210.89742735,3457.94871628,1076.92307019,283.58973519,3652.17948593,1376.02563491,1837.56409743,770.25640289,7673.71795595,5717.43590057,5042.69230936,1938.20512334,7331.02564756,3315.64102370,55,134
137,4815.76923195,2032.30768759,3154.23076694,6904.61539025,3563.20512675,931.15383914,6721.53846675,499.23076131,4667.43589834,2452.56409875,8049.23077730,4864.74359107,2175.76922640,7039.87180078,7240.12821146,15,67
149,4848.33333459,5752.43590064,4715.64102662,6028.33333709,710.38460788,1897.82050782,5387.30769474,478.71794073,2289.35897019,6067.17949101,576.02563325,5102.56410437,8224.87180328,6315.25641464,3086.41025398,14,198
227,3297.56410055,2469.48717574,3511.15384456,4694.74359072,5242.43589952,823.46153124,6066.02564485,893.33332625,1519.99999424,4365.38461567,926.53845452,7602.69231478,3420.12820339,7620.76923793,750.89742847,27,189
7,5761.66666987,4414.74359009,4332.82051303,1302.94871170,3767.05128101,1134.10255751,2275.12820096,4590.76923147,6368.71795324,3457.56410090,6163.07692711,3889.23076847,7247.43590376,5272.56410472,358.71794045,139,25
77,5691.53846460,3605.89743451,431.28204323,5283.71795088,5331.66666896,2308.20512411,1497.17948135,6511.28205608,3378.33333146,5476.92307950,7864.23077688,6975.25641603,574.74358196,4156.02564082,5376.15384852,198,49
27,779.35896700,5976.66667035,4321.28205142,4109.48717921,3985.64102509,4401.66666702,545.12819728,1370.76922466,5446.41025892,4015.89743541,2523.71794504,5502.30769495,7157.82051901,102.56409381,5253.20513036,41,54
193,3894.35897360,2240.64102141,4897.94871934,6203.97436315,5398.84615628,2211.79486749,7793.58975110,5864.74359315,2349.48717546,2464.48717574,7039.35898027,1205.89742944,2493.84615010,6249.10256835,6603.58974860,178,172
39,7514.48718637,986.66665979,6412.43590203,8155.38462366,3791.41025544,2876.28204837,1859.48717442,7054.48718540,452.30768425,4663.46153937,4282.05128212,228.58973505,3019.74358718,7684.61539192,8291.92308547,214,61
244,4461.79487222,4222.17948711,3536.79487027,5842.94872136,5395.00000244,3671.92307568,3699.35897318,1025.64101884,2963.33333063,1957.30768745,5161.92307887,7537.05128900,1179.48717296,6874.61539018,6089.61538851,31,196
58,1568.84614815,7791.66667418,6272.69231200,7117.82051887,7881.92308464,3403.58974179,5203.84615587,6419.10256869,8017.43590543,8163.33334161,6352.82051727,4634.61538545,6121.66667063,2800.64102259,327.30768397,195,225
74,5671.53846453,2220.25640595,1789.35896915,6683.71795386,8022.17949517,3106.41025398,3540.12820360,3115.25640783,3551.28204983,6312.43590182,76.79486297,3676.53846036,8309.10257272,4169.35897422,439.61537656,94,38
167,3665.76922952,875.64101849,7041.92308283,2196.53845716,120.64101689,6774.48718484,4413.71794907,2550.76922716,6253.84615809,5362.30769467,3369.10256223,1604.74358412,689.74358224,8207.56411098,1788.71794351,77,4
16,4073.20512786,695.12819763,297.94870961,6634.10256918,7474.87180169,5299.10256633,7115.51282656,7936.53846932,4772.05128317,5644.74359267,7845.00000765,3188.71794650,198.07691453,1415.25640428,863.07691592,241,177
72,3511.41025482,4200.25641012,7679.35898159,3631.15384484,4195.51282038,6406.79487638,3005.89743326,3501.66666507,7555.12821215,5830.64102898,3350.12820326,8075.25641839,3175.12820284,5072.94871969,1177.17948065,106,127
60,361.41024821,4863.58974491,7487.43590432,3382.30769050,3092.30768988,472.43588945,3279.10256202,6300.00000431,5112.05128386,7744.10257147,6167.94872198,5677.30769530,1616.28204573,3018.46153582,1466.79486589,191,226
158,4955.76923223,6501.66667147,8194.10257244,5118.84615566,467.17947919,6038.58974735,5917.43590098,2882.56409965,4935.89743736,7774.87180231,2817.43589438,415.89742777,3418.97435724,8388.46154722,2758.33333021,87,215
152,422.69229957,3797.82051185,5244.48718158,1736.79486645,5685.25641332,8092.17949531,380.38460719,4555.12820576,5551.92307971,7774.10257154,5657.43590043,2164.35896992,1940.64102078,5748.58974679,207.17947864,138,73
188,3761.92307588,5060.89743764,6305.25641464,8034.87180287,6881.41026197,2380.76922681,5545.76923348,4516.15384671,5372.30769467,3783.07692211,8107.56411077,218.97435043,7806.28205879,5752.94872115,8247.94872643,137,80
189,3810.76922987,3027.30768974,2631.15384275,2778.20512508,2167.17948281,2066.15384150,1783.46153325,3927.94871726,7058.33333931,1343.07691690,3910.51281982,452.43588938,2226.28204698,2187.17948281,3279.99999792,119,254
95,1375.64101953,7999.61539254,6259.48718373,7390.89744257,1318.58973741,212.43588889,298.58973526,8197.17949552,7283.97436537,2890.25640741,272.82050442,5582.43590029,7748.84616129,7923.71795650,8268.71795720,249,207
159,5729.10256723,1836.66666153,8193.97436732,6559.61538948,6443.20513286,7727.43590481,299.99999167,6125.25641422,691.41024891,3391.79486999,65.38460649,6398.20513273,5828.33333667,44.99999111,2558.46153485,186,27
212,2285.89743173,5200.38461740,7114.87180092,233.97435050,2420.76922688,6812.05128748,8021.66667466,4604.48718026,686.28204371,5005.51282211,6458.97436363,774.99999264,8129.48718769,5176.66666862,5015.00000160,140,246
112,2153.58973915,2196.79486742,2995.76922813,772.30768495,5326.53846384,7980.51282844,8052.43590550,5029.10256577,4678.84615475,3305.89743389,5668.58974658,6358.58974804,7400.51282719,2655.38461198,3787.56410160,153,120
204,590.25640248,2646.41025301,7048.84615976,6361.15385060,2681.66666334,52.56409367,7402.56410924,1438.33332736,5707.43590050,8170.25641853,570.76922299,369.35896616,5407.05128449,6287.17949149,7747.56411000,43,186
22,688.07691551,1040.38460858,6455.25641492,7073.84615983,3888.20512744,5899.48718297,2412.17948329,4455.12820555,6156.28205532,5068.84615559,909.99999292,3635.89743458,6247.82051706,6330.51282489,5266.41025857,135,76
249,388.07691488,1450.38460948,5080.25641200,8217.94872636,4974.87179640,3900.64102488,4118.20512793,6508.20513300,786.28204392,188.84614523,8033.97436697,8395.25641902,2240.12820089,2840.38461240,6945.12821083,198,180
84,7106.28205733,249.35896589,3746.92307588,7864.74359739,5714.87179800,8149.61539289,1120.89742930,7857.17949483,1517.69230193,2542.17948357,3826.41025551,6882.30769787,5918.84615739,4005.76923029,1217.43589105,239,190
226,4292.43589751,2125.64102113,2355.89743187,1813.33332820,7313.33333980,6172.17949128,8228.97436739,4412.56410292,7092.82051887,7849.10257175,7402.69231437,5164.61538656,7040.76923668,215.38460684,1447.30768641,134,255
147,6293.58974790,5086.02564277,6302.56410695,1634.35896880,3310.51281850,4356.28205149,6873.07692864,5876.66667014,5174.74359169,1374.35896825,3118.58974123,5225.51282260,6091.02564492,4569.87179557,3350.38461351,179,20
15,7720.12821250,3315.64102370,2088.33332875,2011.02563630,5024.87179654,2954.87179217,6104.61538858,6423.07692767,7166.92308311,2503.20512453,2570.76922723,3645.64102439,135.25640157,7686.79487909,6193.71795282,195,137
171,2132.56409805,7771.53846898,2348.46153444,6300.76923508,1349.48717338,7587.43590453,4186.41025628,3792.17948621,7605.64103273,3527.94871642,182.94870934,3758.71794768,3032.17948461,2965.51281781,7902.82052054,115,33
22,6532.82051769,8249.10257258,6809.87180030,848.46153124,873.84614669,5448.20513078,3715.51281940,313.71794038,4581.92307762,6617.43590244,3549.48717803,5616.41025933,7565.38462241,4364.23076944,977.43589049,9,72
191,4326.41025655,7650.38462262,1798.97435377,3097.94871552,1280.25640401,5940.89743951,2528.97435536,3546.66666521,2943.33333056,485.89742791,7685.00000730,5841.02564436,5951.15384977,2203.20512390,5334.61538691,108,78
58,2933.58974081,3709.87179376,7261.92308332,6595.38462032,8144.48718776,5161.79487374,6986.92308269,6763.20513356,4012.94871747,2904.48717664,6574.74359468,2834.48717650,8042.05129012,3845.51281968,954.23076229,206,96
145,1281.41025016,5141.53846342,5415.38461789,1537.94871219,3801.53846057,2312.56409847,1508.33332750,1234.61537823,5560.00000278,4609.23077000,3944.10256348,2231.15384185,1391.53845550,2203.46153416,2825.76922779,37,198
57,2371.15384220,6060.64102947,5507.17948982,2884.23076632,4703.58974457,2980.51281781,2408.97435509,6553.33333820,4721.15384713,803.46153117,6757.56410785,3213.84615163,4290.51282059,6803.46154389,3146.41025405,199,142
228,5205.76923279,8011.15385415,1180.76922424,1561.41025072,7068.84615983,76.79486297,5245.51282260,7771.41026385,3840.25640943,6479.74359447,1708.33332799,4155.76923056,3974.23076868,6314.23077361,4397.56410285,236,254
9,1306.41025016,4800.89743708,4826.53846279,5372.82051519,6961.66667244,1360.51281440,2648.71794532,4681.53846245,2933.20512543,2875.12820221,6635.89744097,3303.97435696,491.79486381,492.43588952,7080.25641624,142,73
195,1162.30768578,7065.51282649,6448.58974825,4382.17948746,6105.25641422,6022.82051658,3348.71794685,1177.56409604,6630.51282559,3801.53846057,6089.10256800,3357.82051095,4444.10256452,7054.61539053,3359.74358787,35,115
74,3753.97435794,4568.58974429,3356.28204941,5281.02564318,7765.64103308,1639.61537906,2144.61538017,5462.05128463,566.92306914,4663.20512911,7986.53846946,2283.97435481,8347.30770100,2621.02563756,7438.20513495,166,159
225,1338.58973741,710.89742840,5028.84615552,8305.64103426,5082.94871969,5407.30769474,7848.84616149,3801.15384518,5032.69230936,8069.61539268,6538.20513307,6229.10256828,274.74358134,8370.00000876,8300.12821368,115,58
144,6091.28205518,5133.07692496,2572.43589390,5505.12820777,6517.17949198,8253.97436746,8117.56411077,4774.10256522,4331.28205142,4456.79487222,4487.94871844,3797.82051185,4306.79487194,4702.05128303,8347.82052151,145,146
99,3345.25640831,3441.79487006,3188.84615163,4978.71795025,4387.30769259,7057.56410854,4330.51282066,5526.28205400,3428.33333160,2896.92307408,3672.69230645,7987.94872587,3760.89743486,1248.84614753,3335.38461344,168,168
32,1563.33332764,7652.17949441,1276.92307060,6078.20513210,4937.17948864,3762.17948614,6358.20513266,3796.92307595,7207.56410882,7321.66667320,5349.48718178,1193.33332687,1387.30768627,4515.12820569,2339.48717546,115,51
57,2724.48717629,6131.41026037,228.97435043,3584.10256272,203.20511966,2117.43589292,4501.92307748,8102.17949531,6636.66667174,7978.84616177,3602.94871656,6361.53846599,1947.17948232,2913.97435613,777.05127469,246,155
193,5139.48718137,7913.46154625,3503.97435738,4229.61538455,6301.28205559,6955.00000570,5621.66666959,1579.23076361,3809.23076833,3603.46153708,912.69230061,2966.53845883,2748.33333014,7085.00000598,3817.30769141,48,133
173,5344.87179717,2870.38461247,2627.82050942,7642.56410973,6799.74359517,3082.69230519,5678.84615691,3291.79486978,2839.48717650,8072.30770037,5448.84615642,1677.82050740,871.92306977,7948.33334119,6560.76923564,100,251
124,5596.28205413,3358.71794685,7246.02564735,3058.46153596,1792.05127684,213.20511966,2558.84615024,7782.43590494,2329.87179078,149.23076055,721.66665917,2671.66666334,7991.92308485,2977.17948447,5636.41025933,237,234
183,86.15383733,3365.38461351,3777.69230672,396.66665854,575.76922299,5377.94872032,2606.15384268,5592.43590029,446.53845348,1904.35896943,6561.66667153,7226.92308325,2034.87179022,1096.53845487,1762.05127677,170,91
65,8264.35898284,4999.23077083,6444.87179953,2289.48717532,4503.97435953,858.58973644,5219.61538670,1073.33332660,7158.58974978,7822.56411014,879.35896721,6271.28205559,388.84614565,3329.10256216,7844.61539226,32,62
95,4886.92307825,52.30768342,5688.71795178,3086.92307449,4515.89743646,3498.97435738,8140.89744417,4262.56410257,471.66665868,7390.12821180,3284.35897235,7489.10257099,8002.69231562,787.82050553,3539.74358822,129,188
156,1281.79486554,7669.87180210,5050.64102731,4963.84615538,1345.76922466,6003.97436266,6842.94872344,1312.43589119,516.28204336,3864.74358891,3761.28205024,1277.82050650,1447.82050692,86.66665785,6690.25641540,39,161
13,2442.30768849,7814.48718707,6337.94872240,302.69229936,586.92306914,5965.51282413,4219.48717942,3344.74358780,4982.17948871,4847.05128331,4455.51282093,2720.76922751,3443.58974186,2443.46153464,1509.61537878,101,216
152,6894.61539025,1920.64102071,2745.38461219,7766.53846898,5768.71795192,5302.94872018,6954.35898006,8323.58975221,2130.89743138,5636.53846446,4242.05128206,6320.12820951,5556.41025919,7649.61539185,223.07691453,253,19
191,2291.02563686,5801.53846481,1292.17948093,5455.00000257,547.82050497,8127.17949538,5008.20512981,4688.97435988,1702.43589202,6825.89744132,7698.46154576,4897.30769370,4882.56410389,6420.38461997,6930.76923647,142,122
183,4111.28205101,1044.10255730,1531.79486603,3156.92307463,3249.23076715,458.84614579,6317.17949156,1949.10255924,2684.35897103,4856.41025766,3569.35897290,5183.46154041,2634.10256070,6484.48718422,2176.15384178,59,226
26,4727.94871899,7958.84616170,1774.10255889,824.61537739,6464.35897902,8228.97436739,4749.87179592,5912.05128560,2468.33332958,7189.87180113,6936.92308262,4188.07692294,3399.99999820,7791.02564853,6800.38462081,180,120
156,924.23076222,3644.35897311,2806.15384310,1660.38460990,8158.71795699,5123.97436085,3851.66666584,1245.89742951,7167.69231388,4308.20512835,4453.97435940,3036.66666410,478.33332535,3230.25640811,4998.20512981,37,144
180,2374.10256015,2681.15384282,2210.25640595,5904.61538809,7955.25641811,86.79486297,2552.17948357,4917.17948857,1224.61537823,7543.33334029,3640.89743458,247.05127358,8146.79488007,4814.10256529,7326.79487833,149,70
13,34.74358085,3626.15384484,3902.05128129,1079.74358301,8239.48718797,797.05127476,6892.17949274,3848.07692225,2317.82050872,6717.30769752,3122.05127969,6601.41026142,6069.87179870,8190.64103398,8033.97436697,117,13
155,1849.99999493,1892.43589244,4508.20512876,4886.66666799,7066.53846752,7247.69231402,744.87178744,5811.02564436,1370.76922466,3040.12820256,8189.23077757,3850.76922994,899.23076215,5955.64102926,7802.30769982,177,177
157,5910.25641380,5944.61538823,1037.05127525,6908.58974922,4774.61538573,3771.41025537,4408.84615420,1370.38460927,59.23076034,78.84614503,1721.92307158,1133.20512161,1847.69230262,6043.46154229,2625.76922737,41,220
115,7190.64103190,4681.28205219,4986.79487333,2890.38461254,2956.41025370,6549.87179974,7037.17949309,4307.56410271,1612.17948162,325.89742756,2474.61538087,2196.15384178,570.51281273,7656.66667390,8079.35898249,131,53
177,6256.02564527,7119.48718554,1388.46153242,6831.28205678,209.10255556,6841.92308242,8146.28205955,7947.05128991,5627.17949010,442.94870989,6558.33333820,3857.94871712,7670.89744313,1996.15384136,2319.23076513,242,70
95,6163.07692711,6749.23077452,3590.76922938,3843.84615302,7054.74359565,4230.25641019,5337.94872025,4551.15384678,6988.33333910,3842.30769148,607.30768460,6125.89743986,3873.07692232,5897.05128553,3204.23076701,138,191
111,5742.17949031,4585.64102634,5700.12820819,5096.79487361,3053.46153596,3771.28205024,2053.84614919,8130.12821333,3294.87179286,5051.41025808,6798.97436440,1239.48717310,7931.02564881,4643.46153930,6248.97436322,247,144
5,2531.92307331,4150.76923056,1282.82050657,5737.56410569,901.66665958,2012.56409784,850.25640303,1767.30768703,4142.94871774,1413.46153249,2527.05127837,4747.82051387,7578.46154548,5994.61538830,4467.82051331,53,70
247,8044.87180294,6925.38462109,6211.28205546,1186.41024995,4942.05128351,3928.33333264,1784.87178966,4475.25641075,3807.30769141,4088.07692273,2454.74358593,1050.51281378,4033.58974311,2289.87179071,5292.94872018,136,126
188,7349.48718602,4251.53846154,1604.61537899,7139.35898048,6816.15385158,1541.41025065,2918.07692023,5917.82051637,411.41024828,451.53845348,1510.12819936,912.17948010,4666.53846245,6057.30769613,1047.43589063,180,62
4,3329.99999806,1633.97435342,1839.10255903,2825.76922779,2951.02563825,7785.12821264,1293.46153221,3864.87179404,2339.74358572,5972.43590105,4412.56410292,1637.69230214,5062.56410431,505.38460747,2386.53845758,117,213
220,206.02563248,790.12819784,3398.33333153,3350.12820326,7240.51282684,1087.94871128,4773.20512932,6243.97436322,4803.97436016,5320.25641255,6819.35897978,1036.79486499,6738.33333862,195.89742728,3306.66666466,190,11
49,6210.25641443,8291.53847009,4773.33333445,1921.28204635,378.46153027,1001.92307005,4228.97435891,6747.56410785,5103.97436078,8246.79488028,4327.05128219,1976.41025162,7934.10257189,2901.92307408,7646.79487896,205,87
15,3027.82051025,5059.74359148,5647.43590043,4390.25641054,1448.46153256,51.41024752,2754.10256091,505.38460747,3284.23076722,2436.28204746,1691.02563561,2012.43589271,7801.41026392,6956.79487750,4396.92307720,15,246
172,3864.99999917,1978.20512341,2000.89743111,6194.87179898,2897.30768946,7573.46154548,3756.15384512,6690.64103079,5427.30769481,7966.28205914,3244.99999785,3157.43589515,7598.97436607,5355.64102801,6682.94872309,203,5
179,4190.89743576,7440.00000674,5108.84615566,4368.07692336,1954.35896950,1639.61537906,1131.79486520,4970.12820666,2309.99999590,927.82050581,5211.28205330,5889.61538809,5451.66666924,625.51281287,990.51281364,151,63
46,5444.23077174,7773.97436641,2862.94871503,3805.38461442,8141.15385443,2109.99999549,6406.15385074,178.71794011,293.07691467,1920.76922584,1799.61537941,3686.41025523,5400.89743833,7374.10257071,6798.20513363,5,230
63,779.61537725,762.94871059,5798.46154173,7947.82052068,7346.41026295,6883.07692864,2467.69230394,1515.25640449,8048.58975165,7709.48718679,7599.23077632,935.89742888,7323.71795525,456.66665861,713.07691558,46,135
174,8368.07693177,676.28204371,7210.38462164,3283.20512619,532.05127420,5728.71795185,6992.56410840,1300.25640401,4440.25641068,6229.61538879,2281.53845737,641.79486416,2340.64102161,1165.25640373,2233.58973935,39,173
35,1709.87178953,4124.10256383,1330.25640408,3856.28205045,1457.94871205,3338.97435703,1471.28204538,7292.82051929,1720.89743055,1956.53845668,3160.25640797,1146.66666007,901.28204420,3824.35897346,1945.64102078,222,211
252,3277.43589536,110.12819638,2454.35897054,2999.87179224,1702.56409715,5739.74359287,3850.51281968,2641.02563762,1329.35896818,1834.61537948,4622.17948795,6193.46154257,4247.05128206,2232.17948294,3438.71794698,80,139
33,5740.25641339,1028.84614704,5702.17949024,5043.20512988,4345.12820534,6148.71795275,5056.92307866,5204.48718151,6669.10256925,5115.51282232,4150.64102544,2499.23076555,4863.07692440,8311.41026503,2664.35897103,158,223
118,2545.89743229,6754.35897964,3970.89743528,2239.74358551,6420.00000459,568.97435120,7669.10257133,1644.87178939,4885.51282184,5777.05128532,438.84614579,4345.76923098,3799.74358877,3060.38461289,6682.94872309,50,19
150,5765.38461858,4563.46153916,3199.87179265,6574.61538955,2751.02563783,4932.05128351,7320.76923730,6166.28205532,7613.97436607,6225.12820930,5872.56410597,5965.12820875,4619.74359051,221.79486325,4945.76923223,187,38
224,5002.56410417,2183.33332896,6675.76923592,113.84614509,6893.71795435,5960.25641387,7411.15385283,4753.20512925,5158.07692503,1662.05127657,211.53845300,107.69229894,2711.28204802,5990.51282420,697.43588994,144,101
244,6343.84615830,7916.92308471,3166.41025412,4587.05128275,850.25640303,5878.07692656,967.82050588,2404.23076534,554.61537677,5279.35897652,108.97435022,4478.46153895,2178.20512383,399.10255598,67.17947836,73,146
157,7059.35898034,5747.43590064,4717.43589841,2879.87179196,5030.51282218,1750.25640498,7441.66667341,8276.53847009,5236.02564311,5757.94872115,8237.43590585,1258.58973727,5672.82051581,3000.12820249,1272.69230137,252,121
93,4524.61538518,4174.48717935,5293.07692530,7381.92308353,4195.12820499,4060.64102523,7523.71795567,6295.51282482,7988.33334126,690.51281301,6418.58974818,5474.10256668,5266.79487395,789.35896707,4073.20512786,191,7
231,3666.53846029,312.94870961,1490.51281468,6414.23077382,3204.23076701,4741.15384720,7616.15385331,1261.02563471,6211.53846571,3897.43589668,7001.66667251,3215.12820291,6567.82051776,6150.51282455,6745.51282580,38,46
56,669.10255653,459.61537663,4134.99999973,6639.48718456,3833.71794782,893.20512112,2507.56409889,400.51281239,6530.76923557,7518.97436593,3259.48717741,5411.92307936,6731.02564631,7787.05128956,7698.07693038,12,5
60,2951.02563825,3164.23076694,6313.58974797,2141.92307248,7896.79487951,3598.84615246,3846.66666584,2219.48717518,7108.07692913,6417.82051741,2828.97435599,2778.71794559,7351.41026295,4361.53846175,4044.35897395,67,49
245,4705.00000098,5952.69231131,847.05127483,5546.41025912,6016.79487555,511.53845362,3296.92307491,7657.05128928,2851.53845855,2763.46153534,8336.02564965,5492.30769495,6615.51282552,971.53845459,5003.20512981,233,103
73,5048.20512988,8390.64103440,5401.28205372,5694.23077229,218.46152992,3453.07692141,748.33332590,2915.64102280,1129.74358315,8030.25641825,8060.89744396,6596.41026135,3384.61538281,6982.94872372,8188.58975193,88,49
228,7581.02564805,3877.56410180,744.23076180,7366.66667327,4485.89743639,5471.53846411,150.25640157,5487.17948982,3834.87179397,4334.10256431,773.20512084,5709.10256716,4011.15384567,1201.02563457,1424.74358377,167,43
23,3445.51281878,6342.30769676,930.89742888,8008.71795671,3212.69230547,1128.97435238,2746.02563783,4653.58974443,3194.99999778,2752.43589424,5758.33333653,7664.87180210,7811.53846912,3655.51281927,3618.58974227,141,232
152,4020.89743541,2527.82050921,71.15383733,470.64101765,2065.25640560,5835.64102898,2830.12820214,8347.94872664,7060.38462136,1413.46153249,583.07691530,5167.82051477,4548.84615448,5254.74359190,7072.30769829,254,38
97,2347.17948315,4124.48717921,6697.69231291,5254.87179703,6151.02564506,5097.94871976,3876.79487103,8115.76923897,1086.53845487,5070.00000174,6924.35897999,6071.15384998,7225.64103197,8167.30770058,6877.43590300,247,222
80,4283.97435905,7515.00000688,5357.17948955,4472.56410305,1520.38460962,5534.61538733,4814.87179606,3117.94871559,1160.51281398,8010.89744389,4856.66666792,6776.15385151,6329.35897874,770.12819777,3001.15384352,95,29
131,4521.66666723,7550.38462241,6830.51282601,3178.20512592,1757.05127677,1991.66666188,741.79486436,4745.89743694,5315.76923300,7304.10257057,5246.79487388,5956.15384977,6954.74359545,1601.41025079,2753.20512501,144,143
142,749.48717206,4376.41025669,362.30768411,3293.84615183,3695.64102446,1287.94871170,4843.58974484,2697.30768905,8087.05129019,8119.61539282,7526.15385311,5332.69230999,7458.07692989,1718.46153311,3831.79487090,82,48
176,7892.82052054,3123.46153610,6499.23077403,5266.92307908,1920.25640533,1654.35896887,1593.84614822,864.10255695,3686.92307575,5987.56410625,358.84614558,7042.30769822,3398.97435717,5262.43589959,5923.20513175,26,115
31,1998.46153367,585.25640248,2405.89743201,8274.87180342,6486.66667140,7911.66667445,5270.64102780,1194.99999354,2042.56409791,1865.76922570,7622.05128921,1858.58973852,2600.51281704,4061.92307651,1544.74358405,36,100
244,5092.17948899,7304.35898083,80.76922195,6532.69231256,7141.92308304,2964.61538191,6680.89744104,4072.82051248,5764.48718269,4946.41025787,4603.58974436,7794.10257161,5314.23077146,1185.89742944,6357.56410702,124,227
102,6833.84615934,4473.84615434,6622.05128706,2671.53845821,8251.53847002,7386.53846821,1682.69230228,3011.66666403,5202.30769433,1052.56409583,8186.53846988,4633.97435981,5395.89743833,2669.99999667,7770.51282795,91,148
13,202.82050428,2787.05127893,1208.33332687,1991.02563623,1668.46153298,2385.51281656,5134.74359162,1532.82050706,1464.99999410,3171.15384386,1452.82050692,2384.35897040,3552.56410111,4815.76923195,2479.35897061,46,69
64,5495.38461803,5489.48718213,262.43588896,6676.66667181,4432.94871837,3269.10256202,1301.66666042,4540.89743653,1232.82050643,5125.25641214,7658.97436620,2140.25640581,7782.17949469,85.38460656,5901.53846502,138,196
130,6861.79487736,7754.48718693,7416.15385283,4098.07692273,6594.48718442,7900.64103336,8136.53846974,7701.66667397,2113.84614933,2155.64102120,5441.15384866,4073.20512786,7479.48718630,2855.51281760,4222.43589737,234,239
70,2507.17948350,1645.76922528,3183.97435675,874.61537746,7966.53846939,3918.46153777,5675.12820812,4609.74359051,4525.12820569,5060.51282225,6272.94872226,6581.66667160,220.64101710,1772.43589223,4610.25641102,140,40
29,8345.25641895,7938.71795650,81.28204246,7809.23077674,5186.02564304,2254.74358551,5002.94871955,5989.74359343,18.58973463,2834.74358676,296.41024808,5946.66667028,2751.41025322,5176.41025836,7882.30770002,182,60
23,4118.97435870,5731.79487493,5711.92308005,2716.92307366,7742.43590481,978.58973664,814.99999271,6127.94872191,7382.30769891,2632.94871455,5969.74359336,4400.00000035,3433.71794698,526.66665882,925.64101863,186,42
36,4556.02564165,497.94871003,5072.30769405,7492.43590432,2832.69230471,6028.46154222,5746.41025961,4622.17948795,6788.58974894,1698.07691766,4844.87179613,2337.94871392,3345.89743396,7368.58975019,6102.94872184,140,189
33,3701.41025523,5132.43589932,4843.46153972,6775.64103100,7500.89744278,4966.41025794,689.48717199,3129.87179251,6952.05128775,3732.94871684,4252.05128206,561.66665889,2671.66666334,6931.41026211,4991.28205288,95,176
66,1450.89742999,6540.00000487,6655.12821020,6772.94872330,3650.25640901,5727.30769544,4047.69230728,6906.66667230,2474.87179112,1115.38460872,6955.89744160,4900.12820652,3280.76922869,3061.02563853,874.23076208,210,166
47,6025.00000376,989.99999312,7339.61539115,2068.71794414,874.35896721,1582.82050720,6365.89744035,3389.23076743,5819.10256744,3741.41025530,1664.48717400,1989.99999521,299.48717115,7459.10257092,371.02563283,103,130
51,5349.61538691,3041.02563846,1933.07691815,835.38460816,6827.56410806,5948.07692669,7839.10257168,7581.53846863,7965.76923863,2937.69230492,2523.97435530,3802.94871698,4642.69230853,1005.12819825,4843.97436023,231,42
36,7966.02564888,895.25640317,7042.82051873,4144.87179467,2138.97435453,166.92306831,2043.46153381,3381.79486999,371.66665847,5182.69230964,6409.23077382,7228.97436530,4898.07692447,1928.20512328,6241.66667091,103,21
92,7173.20513439,5369.35897673,4092.69230735,5167.56410451,5654.35897735,3779.99999903,5946.28205490,8056.02564909,4452.94871837,5357.82051519,562.69229991,5169.10256605,2450.76922695,7453.84616066,5446.28205379,245,93
92,489.87178688,7644.23077639,1891.79486680,2109.23076472,5516.28205400,2296.66666250,1676.28204587,4693.97435995,5405.12820756,1683.71794330,6493.58974832,7850.51282816,7884.48718720,5267.30769447,4130.51282024,143,140
83,4132.05128178,4683.71794963,2832.69230471,243.71794024,6818.20513363,5528.07692579,1864.74358467,3981.02564047,5337.30769460,44.48717060,5265.00000216,2875.51281760,6073.84615774,7251.53846787,891.53845445,121,61
249,3204.35897214,56.79486290,2434.35897054,6194.23077333,6596.79487673,7437.17949392,913.46153138,6757.05128734,516.41024849,4928.46153992,6435.89744056,1458.20512230,301.79486346,3373.97435710,2413.07691919,205,31
246,409.10255598,453.97435092,6921.15385179,4512.17948774,2954.87179217,4229.87179481,1314.23076305,4165.38461518,6339.74359419,131.15383740,623.71794108,6751.66667195,4111.92307665,4577.69230839,1377.43589132,126,184
243,930.25640324,2929.48717671,1530.25640449,550.76922292,3572.43589598,6973.07692885,3831.53846064,7472.17949399,7531.15385311,2240.38461115,6232.43590161,6628.97436398,6915.00000563,1625.51281496,5143.97436085,227,153
222,3240.76922862,7811.53846912,4255.64102564,4302.17948732,7555.64103266,3247.05127990,2197.05127768,737.17947975,3169.99999771,817.43589014,1143.33332674,1843.20512314,2657.56409916,6120.64102961,2022.05127733,22,228
38,4980.38461692,4186.66666653,3120.12820277,4958.33333487,7584.87180196,5642.94872087,2918.33333049,1349.23076312,2847.69230471,866.41024926,3637.17948586,4516.92307748,2259.61538038,2808.71794566,512.30768439,41,219
211,1962.30768745,3569.61538316,7363.07692968,6578.58974853,5093.46154027,7806.53846905,1023.58973678,7630.64103280,1677.82050740,5287.56410479,3072.05127955,5668.33333633,4222.94871788,4151.41025621,1141.92307033,232,93
158,7782.05128956,5600.38461824,7288.97436544,7974.23077709,2873.97435606,7679.87180210,1112.30768564,4198.97435884,3718.71794761,6010.76923453,1.28204232,7738.46154583,6252.94872219,4538.97435960,2392.05127809,127,214
1,8196.79488014,7391.15385283,2596.02563756,6991.15385199,6552.05128692,6531.41026128,3121.41025405,7016.79487764,5112.69230950,2097.43589285,5994.10256779,801.28204399,2652.56409916,5003.20512981,3529.35897283,213,249
80,3180.64102335,5778.33333660,574.10255632,5698.84615691,4261.28205129,5126.28205316,6920.89744153,4988.07692461,5237.56410465,857.43589028,5141.41025829,2600.12820166,7142.69231381,3717.05128094,6188.97436308,151,89
97,7773.84616129,8196.66667501,5428.58974610,1258.97435265,3911.02564033,1868.33332826,3551.15384470,4551.66666730,1647.69230221,5896.66667014,464.10255612,3158.20512592,8178.97436732,560.51281273,8283.71795727,138,252
42,3413.20512640,4430.12820548,7162.17949337,5069.35897610,7825.64103322,6450.00000466,5519.35897707,424.48717136,1010.38460851,2907.94871510,4311.53846168,2598.46153499,6041.53846536,3646.41025516,6573.07692801,12,89
65,2548.97435536,6492.05128678,6922.17949281,4144.23076903,2034.87179022,7850.25641790,2859.48717657,3229.61538247,4051.66666625,1180.76922424,7652.30769954,4503.07692364,7566.79487882,4356.02564124,7844.23077688,98,140
78,1807.17948204,6031.15384991,6772.17949253,7399.10257078,5753.20513141,2080.25640567,8174.61539296,960.38460844,8144.10257238,4725.51282149,3372.69230582,7231.15385248,7851.92308457,6186.41026051,8179.10257244,29,49
230,4164.48717928,277.56409416,7720.00000737,6474.74359447,1591.79486617,5583.33333619,1022.30768550,4850.25641151,6046.02564485,7112.82051887,4634.10256494,6208.58974776,1207.56409611,695.51281301,5485.89743854,147,47
115,6059.61538844,5785.51282378,6888.20513377,1345.64101953,7288.46154493,861.79486464,1953.46153360,6498.97436377,4126.28205101,4582.30769301,6995.12821097,6542.56410743,275.64101724,4246.79487180,5435.51282302,198,39
219,1635.76922521,3929.10256341,6844.87180037,2001.02563623,3101.41025398,7189.10257036,2595.25640679,2351.02563700,791.28204399,1056.41024967,7672.17949441,7703.97436627,3536.66666514,1454.61537871,5915.25641380,71,95
254,5314.23077146,7252.82051915,1474.23076333,2715.89743264,6482.17949191,1115.12819846,5922.43590098,6351.53846599,956.66665972,2286.15384199,7905.51282823,7300.12821159,5088.58974540,6557.69231256,4066.15384574,193,229
161,4362.17948739,573.58973581,7263.33333973,504.23076131,4894.61538601,5141.28205316,1225.64101925,5595.38461824,854.87178772,4713.71794969,4818.07692426,4735.12820617,1409.87178883,7150.64103176,7080.25641624,170,248
208,7158.33333952,697.82050532,5973.20513182,7966.02564888,6383.33333785,7446.15385290,7418.84616059,3596.92307554,357.30768404,1006.79486492,649.23076159,4585.51282121,1959.35896950,71.66665785,4146.66666646,109,100
193,6780.64103100,7958.97436683,5947.56410618,7794.74359725,1845.25640519,6542.43590230,3884.99999924,3508.33333174,5068.20512995,3378.46153659,3721.66666556,2180.25640588,4685.76923168,2459.48717567,8225.89744431,106,99
11,7032.94872386,148.07691439,88.07691426,2693.46153520,1850.89743083,2645.25640686,4993.46154006,2767.30768918,3881.15384539,7781.41026392,1683.46153305,7976.15385408,3064.99999750,4419.48717984,8255.00000848,84,127
37,435.25640220,6046.41026024,1283.84614760,4898.20512960,4629.87179571,304.61537628,7172.56410875,3581.15384477,3240.51281836,7902.82052054,458.20512015,5990.25641394,7716.41026378,4611.92307769,843.33332611,109,87
106,7290.89744236,2520.38461171,726.66665924,1946.53845668,3689.35897318,1181.41024988,2240.64102141,2277.94871378,7297.30769877,7908.20513592,8085.64103377,7656.79487903,4516.15384671,6696.79487701,7133.71795484,69,96
148,4160.51282031,2021.15384143,7656.28205851,7598.46154555,4742.56410361,6731.66667195,1018.33332653,724.99999257,8144.74359802,686.66665910,3959.10256348,363.71794052,6426.66667126,5539.35897707,5366.28205365,22,150
111,4352.94871816,7350.12821166,4851.92307818,953.33332639,4726.28205233,7170.12821132,5041.53846321,1788.46153325,7818.07693065,2618.84615038,5614.23077215,4848.97436023,2545.38461178,318.97435064,4874.87179620,54,86
19,5902.05128553,6525.51282531,606.79486409,8252.82052130,6135.38461935,5136.92307880,2387.30768835,1538.20512244,4950.51282198,5837.30769565,1216.53845515,7515.76923765,6584.74359468,7201.66667292,4301.92307707,46,47
78,3652.82051157,4643.58974443,1547.56409687,2455.25640644,286.02563262,3911.66666598,421.66665854,7518.07693003,5228.20513029,3474.99999834,4337.43589765,5352.69231006,4073.58974325,6061.15384998,1176.41024988,229,4
164,1086.79486513,7499.87180175,3206.53845932,3443.46153673,2152.56409812,4146.79487159,1950.25640540,7930.25641804,2433.71794490,1167.17948065,71.79486297,2108.20512369,1586.79486617,3717.94871684,5611.66666952,241,177
43,648.07691544,6577.43590237,4040.89743548,1500.89743006,6944.23077493,5950.12820875,513.20512029,7544.48718644,7415.38462206,3790.38461442,2147.82050838,2399.61538073,5525.25641297,7001.15385199,8237.43590585,229,206
118,90.25640144,1583.20512258,7357.43590404,4052.69230728,5140.00000188,5018.58974519,7383.58975019,1401.92307088,5812.30769565,6680.25641540,5435.51282302,1094.61537795,740.51281308,1012.56409569,3043.46153589,42,132
153,6182.05128615,1777.69230248,283.20511980,620.89742819,5948.71795234,140.51281183,7601.41026350,7374.61539122,6683.33333848,8361.79488048,5092.82051463,7.17947822,8382.82052158,7565.25641728,4576.92307762,224,85
76,2991.92307429,8234.48718790,1415.51281454,741.79486436,8143.84616212,3028.71794615,741.41024898,4578.07692378,1518.20512244,2801.66666361,4755.38461643,5182.17948913,3950.64102502,3633.07692176,2186.92307255,139,144
9,4097.94871761,4839.61538587,5798.07692635,7357.94872455,7837.17949476,5319.61538691,6327.30769669,4933.84615531,5604.61538747,3046.15384359,1650.76922528,4340.00000021,7296.15385262,3133.97435662,2588.84615031,150,109
27,5130.12820701,4020.38461490,3867.05128122,1764.99999472,8333.84616247,6386.15385067,6328.84615823,909.35896728,2822.69230471,2885.12820221,3089.35897193,2989.23076659,7780.25641776,2751.53845835,1565.51281482,27,187
143,4610.89743667,2140.64102120,5808.33333660,7590.00000709,3933.84615316,4849.61538587,1067.56409583,5694.61538768,1300.51281426,2802.56409951,6174.61538872,3431.28204955,4448.46153888,5148.20513009,4364.10256431,173,235
153,2126.41025190,2984.35897165,1261.79486548,1804.48717428,2045.76922612,7608.84616094,375.64101745,258.84614537,4552.56410319,2011.53845682,3076.79486930,7270.38462178,8053.07693114,4767.82051394,3243.84615170,7,248
249,6574.23077417,147.30768363,2966.28204858,6151.15385019,2596.79486832,3955.38461476,2217.56409826,3854.23076840,7622.43590460,957.05127511,798.33332604,7788.33334084,480.12819714,5860.00000341,2583.71794518,117,6
80,5916.66667021,2592.69230415,1528.33332757,1917.17948225,3439.74358801,2643.97435557,77.94870913,6860.51282608,4490.89743639,3775.89743493,4043.84615343,8084.35898249,5845.38461879,3812.17948628,1269.99999368,209,32
61,7558.84616087,3533.20512668,8297.17949573,8071.15385422,5065.76923251,854.61537746,6349.10256855,4252.56410257,3124.87179251,338.58973532,561.53845376,8085.64103377,2906.53845869,2305.51281642,4749.61538566,129,72
170,950.25640324,7398.20513488,231.92306845,3527.82051130,2545.38461178,5082.17948892,492.43588952,6429.35897895,486.79486381,2262.30768807,825.12819791,4697.30769328,708.07691558,4930.51282198,736.15383872,195,106
171,7298.20513467,1327.94871177,7031.66667258,4763.58974471,6607.30769731,4763.46153958,6292.69231200,201.02563248,3943.71794810,1224.74358335,911.15383907,4058.46153805,3385.25640845,4574.23076993,4830.00000125,6,196
230,8102.82052095,3530.89743437,118.07691433,5921.02564457,4300.64102578,1249.61537830,4326.02564117,2944.74358697,584.87178709,7381.02564763,6041.02564485,2128.20512369,156.79486311,7412.56410924,4225.64102558,89,99
10,1254.48717317,3441.28204955,7536.79487875,1429.23076326,5762.17949038,996.41024953,1540.89743013,1627.94871239,4039.10256369,2001.92307213,2560.89743236,7823.97436655,5371.02564339,2584.48717595,7736.02564840,49,116
219,6173.84615795,893.33332625,3271.53845946,968.84614690,7220.89744222,3222.17948503,8152.82052109,5878.71795220,5416.41025892,375.12819693,1894.74358474,4069.10256369,951.15383914,4350.89743611,4927.69230916,179,177
150,8359.48718818,2214.23076493,2726.15384296,5883.07692656,8096.53846967,338.97435071,7599.23077632,1317.43589126,6475.25641499,5195.25641228,6784.35897971,5412.94872038,42.05127316,240.12819665,6562.17949205,40,39
100,4257.56410257,4265.64102564,710.12819763,2872.94871503,2472.94871420,5876.66667014,839.99999278,2905.64102280,1009.35896748,7311.41026288,4414.35897471,6959.48718526,1759.48717421,4043.20512779,2327.17948308,88,145
94,375.64101745,7596.28205837,7035.12821104,1095.38460872,4281.02564110,3240.51281836,4413.07692343,992.43589056,8324.87180349,5974.35897805,3223.33333118,8345.38462407,5337.94872025,5322.94872025,704.48717199,30,188
52,8092.94872608,4774.61538573,2688.71794539,2192.43589306,7458.58975040,3258.84615177,4832.82051408,7616.53846870,1496.66666083,8286.15385470,1215.76922438,2471.79486805,2433.97435516,2039.23076458,3675.12820388,232,20
3,1717.69230235,8391.02564978,3251.02563894,7303.33333980,7485.38462227,5799.74359301,7163.71795491,263.46153006,244.99999153,4921.53846293,1991.79486700,5977.05128574,2259.35897012,7353.33333994,8033.97436697,8,73
248,117.94870920,3377.82051095,4700.38461636,3703.58974241,3189.23076701,3645.12820388,4264.10256411,7353.20513481,1814.99999486,2231.66666236,3734.99999889,3418.33333160,1236.79486541,6255.12820937,8392.05129081,224,232
117,2327.94871385,3928.07692239,89.99999118,7336.66667320,5091.92307873,154.99999132,1328.07691690,3349.61538274,8200.00000834,1075.89742916,3526.15384463,4703.71794969,6207.17949135,5897.43590091,2510.51281683,102,15
101,4373.20512849,7925.64103343,6539.23077410,2310.64102155,5812.69231103,6268.84615816,8188.71795706,1063.20512147,4092.69230735,7323.84616038,1980.76922598,1009.87178800,1795.76922556,4633.58974443,7701.79487909,32,7
89,5640.38461831,1423.71794275,6060.38461921,3982.05128150,4973.71795025,8377.82052158,125.64101689,8311.02564965,1286.53845529,6240.64102988,2459.10256028,5419.74359225,3668.46153721,7873.84616149,4718.71794969,253,165
76,5916.28205483,7752.30769975,7908.84616156,7801.15385366,5578.07692586,3866.15384532,4510.38461594,48.97435008,5909.74359329,159.48717081,3629.35897304,730.38460795,59.61537572,4097.82051248,7200.00000626,1,218
245,7942.17949497,183.71794011,3075.76922827,1702.94871253,6022.82051658,1659.35896887,5799.10256737,3647.43589619,2527.94871434,5099.10256591,6321.02564541,5272.82051498,837.43589021,6985.64103141,4591.15384685,111,191
251,5554.10256689,6777.05128741,1022.94871114,535.38460754,5547.05128483,1931.92307199,7010.00000584,4783.46153958,5605.25641311,7298.20513467,4755.89743694,7272.30769870,2669.10256077,2242.94871371,5179.74359169,145,4
75,2891.53845869,5655.25641325,883.07691592,8161.41026468,2715.76922751,5868.20513161,5808.46154173,6713.33333855,6623.07692808,5390.76923321,3098.58974116,6495.25641499,6585.12821007,2009.87179015,4558.20512883,204,24
228,111.02563227,4882.30769363,8091.28205942,5540.64102835,7522.17949413,3882.56410180,1845.12820006,2063.58973894,6106.92308089,1262.05127573,6117.82051679,1523.46153270,6683.46154361,7629.48718665,709.48717199,62,126
108,2140.51281607,6883.97436454,4138.46153826,7151.92308304,7330.38462192,2736.66666347,3411.02563922,212.05127351,5577.94872073,2878.33333042,6070.12820895,5133.97436085,1059.35896762,7337.69231423,7218.84616010,6,76
94,2239.61538038,8368.84616254,6002.69231138,6122.82051679,1173.97435245,2490.25640651,4175.64102551,7244.87180120,6020.76923453,7461.28205810,210.76922223,2810.51281746,7801.53846905,7498.71795560,1377.05127594,220,9
107,6287.30769662,2141.66666222,757.30768495,4765.00000112,3253.71794664,3362.94871608,1874.87178987,175.38460677,5617.17949010,6096.79487569,6257.05128629,3588.71794733,5688.33333639,6746.41026170,5998.97436266,5,173
89,811.28204399,3785.51281954,7007.43590328,3039.87179230,6866.92308249,206.28204274,859.74358259,5295.38461761,3678.84615267,2709.10256084,1829.35896922,6556.92308179,1023.71794191,3168.20512592,664.99999243,161,253
191,3755.25640922,153.20511952,1936.66666181,429.61537656,4912.30769370,5837.94872129,1859.10255903,5513.58974623,971.53845459,3853.71794789,704.35896686,1864.23076416,7612.17949427,3300.12820312,4581.79487249,167,39
94,6290.64102995,8158.97436725,6292.30769662,6015.00000376,8139.35898256,4393.71794900,3990.51281996,2422.30768842,3372.69230582,5152.30769419,625.51281287,7191.02564728,3945.64102502,3978.58974304,347.43588917,73,44
92,8315.89744452,8174.48718783,7392.82051950,3325.12820319,7057.05128803,5841.66667001,1274.10255778,7603.71795581,1343.07691690,6999.61539046,452.05127399,4942.56410403,200.89742735,3174.35897207,5526.79487451,231,46
75,6589.48718442,6891.15385172,3767.56410153,3368.33333146,8293.33334188,6001.66667035,1836.66666153,4525.00000056,7434.23077597,6398.07692760,4742.43589848,6430.38461997,6058.07692690,7848.07693072,4564.35897506,137,125
183,366.15383796,7156.41026260,5166.79487374,8399.10257286,4600.89743667,3746.66666563,4356.41025662,7530.51282747,2095.89743132,7145.00000612,1271.79486548,4094.61538427,3383.20512640,5886.79487527,5929.74359329,229,135
238,4114.61538434,5881.92308040,8160.25641853,3301.53845953,4825.89743715,2478.58973984,3264.10256202,1888.20512321,1074.61537788,3628.33333202,2909.48717664,7202.56410882,5915.64102919,5012.82051442,385.76922257,57,49
140,2959.74358704,6826.92308242,5099.74359155,7847.69231534,7008.58974943,6182.56410667,3472.69230603,4449.61538504,4873.20512953,607.94871024,7464.48718630,6187.05128615,1232.69230130,1326.28204510,1670.51281503,135,33
122,3017.94871531,1295.25640401,4444.87179529,6119.35897832,5263.84615600,1707.94871260,3820.76922987,7019.10256994,1873.20512321,2101.79486728,2518.46153478,6049.23077306,7818.07693065,5225.76923286,1297.05127580,213,206
20,1802.43589223,2058.07691843,676.02563346,6980.25641603,2244.61538038,5026.41025808,483.07691509,3106.02563860,7433.84616059,619.10255639,4901.02564242,702.82050532,8053.97436704,5747.82051602,2493.20512446,94,214
100,5604.61538747,4476.02564152,1269.35896804,8030.00000799,2057.05127740,6816.53846696,2394.35897040,7711.41026371,3551.66666521,3065.64102314,223.07691453,3964.35897374,7154.10257022,1849.74358467,3644.61538337,234,133
50,6209.10256828,5500.64102829,5844.48718290,7779.10257161,3562.17948572,4272.43589751,756.92306956,6956.92308262,1447.05127615,7281.28205768,4827.43589869,7378.33333994,3975.38461483,3754.74358871,6087.05128595,211,133
25,7626.79487896,7889.48718720,5884.10256758,5013.33333494,5110.64102745,6827.43590293,5763.71795192,5134.48718137,7417.56410931,1406.28204524,7632.30769947,1097.43589077,4955.64102710,236.53845306,4380.51282079,156,39
174,433.46153040,7304.74359621,2829.99999702,2127.17948267,1324.10255792,1485.25640442,4685.64102655,5366.79487416,688.84614628,8184.10257244,6009.48718324,2934.35897158,6908.46154409,3276.41025433,3084.74358725,163,67
188,6671.92308207,4751.02564207,6876.28205684,2533.20512460,1278.84614753,4780.25641137,6218.20513238,4187.05128192,1329.99999382,3259.48717741,6569.48718442,4468.20512870,6220.89744007,2717.05127879,4288.20512828,127,30
181,7844.61539226,5055.38461713,3396.79486999,8018.33334133,264.10255570,985.64101877,4826.15384741,51.53845265,6123.84615781,653.58973595,3996.28205073,966.28204434,4434.35897478,3481.79487020,2146.02563658,1,41
14,2920.25640741,48.71793983,2711.66666340,7010.38462123,8209.23077764,1721.02563568,5141.79487367,4079.23076889,64.23076034,1072.94871121,566.79486402,2475.64102189,4234.10256411,3647.56410132,7611.53846863,124,66
204,7522.56410952,3009.61538198,253.20511973,7454.35898117,2748.20512501,168.46152985,2200.51281621,8207.30770072,1772.43589223,2305.51281642,815.25640296,2397.05127816,79.35896554,1945.51281565,5373.58974596,250,237
117,865.76922362,4302.17948732,2841.66666368,1322.69230151,4877.94871927,2973.84615114,747.82050539,7446.79487854,4683.84615475,7349.10257064,1927.17948225,1766.92307165,5310.38461761,2903.46153562,7513.33334022,226,56
117,4602.69230846,471.66665868,6111.66667063,4403.71794907,8361.28205997,63.20511931,3766.15384512,1290.89742965,5295.89743812,2571.92307338,5590.38461824,7437.94872469,169.48717087,7447.94872469,7369.48718609,39,31
191,5817.94872129,1201.41024995,3983.58974304,5666.53846453,3673.33333209,8235.76923918,2267.43589327,2217.05127775,6019.61538837,1711.02563568,4039.10256369,3065.25640776,8211.66667508,7496.79487868,6505.25641505,67,202
58,3961.28205066,249.74358127,5800.12820840,6938.71795442,2076.28204670,4915.51282191,3848.46153763,2959.23076652,507.56409465,3558.97435752,4723.71794969,572.56409479,5225.25641234,3780.76922980,3713.71794761,90,222
176,7919.61539240,750.25640283,642.17947954,7539.61539157,4093.20512786,3265.89743382,6882.17949274,2830.12820214,6368.07692760,7629.61539178,3872.30769148,869.87178772,1352.69230158,4004.99999952,4084.23076889,86,185
26,3354.35897249,759.61537725,7635.64103280,2769.35897124,2949.99999722,2715.76922751,1563.84614815,2236.41025218,5309.10256633,5619.61538754,5811.79487513,4273.71794879,4480.25641075,3931.92307623,238.46152999,68,137
180,5001.53846314,6749.23077452,3302.43589542,6243.33333758,4325.76923091,6460.00000466,951.53845452,245.12819665,2772.94871483,4456.53846196,5462.05128463,8058.84616191,5630.12820805,2323.71794462,5612.05128490,7,15
237,4452.43589786,7613.97436607,8354.48718818,189.35896575,5531.02564374,4358.97435919,7208.84616010,2182.05127768,7840.89744348,4245.00000000,3011.28204865,2603.58974012,7328.07692961,2159.87179043,7290.38462185,66,146
157,4696.02564200,3384.61538281,2044.48717484,7603.20513530,6951.41026211,1432.17948121,618.84614614,2883.84615093,8123.84616205,1150.38460886,5093.07692489,893.58973651,7318.20513467,7349.48718602,2686.79486846,87,61
255,8170.89744417,2649.61538121,1009.48717261,2343.07691905,6267.82051706,639.74358210,2393.71794476,4053.33333292,3993.07692252,1989.35896957,7734.48718686,6775.89744125,8167.43590571,1289.23076298,6454.74359440,123,52
126,3948.58974297,1733.46153311,7263.46154486,7934.23077702,6815.89744132,5103.33333514,4702.82051380,4106.66666639,625.12819749,3813.84615295,7536.28205823,6334.61538907,5532.82051553,4378.07692336,7101.53846759,125,143
148,5692.05128511,7502.56410945,7192.05128831,4836.92307818,6562.43590230,4019.23076875,5286.28205351,319.48717115,1427.56409659,5972.43590105,1628.84614829,1270.25640394,4455.12820555,3285.12820312,2046.92307227,9,152
181,6541.15385102,7588.58975068,3643.58974234,1274.35896804,8034.74359774,737.05127462,5692.69231075,664.35896679,2533.33332972,1844.10255903,5041.92307859,5509.74359239,1531.41025065,760.38460802,3034.87179230,20,195
86,5477.43590001,2172.94871357,3032.05127948,5670.64102863,8383.07693184,8174.61539296,7667.69231492,5795.25641353,1565.89743020,1230.76922438,530.12819728,3778.20512724,6218.07692725,8210.12821354,947.43589042,176,13
14,3248.71794657,7525.89744285,2391.41025245,7786.41026392,931.02563401,2380.89743194,1803.07691787,7231.66667299,1088.97435231,7279.35898076,4532.43589807,1843.46153339,3585.25640887,1804.23076402,5332.43589973,220,128
67,8117.56411077,2404.48717560,5120.00000188,70.25640144,3072.43589494,3423.58974186,1516.66666090,3792.82051185,1273.97435265,656.28204364,2480.51281676,439.10255605,2912.05127921,6330.38461977,6385.38461991,115,116
229,3572.17948572,5171.92307887,7371.41026302,318.97435064,4542.30769294,2457.56409875,4598.84615461,5699.74359280,3136.41025405,3930.12820444,2126.02563651,5833.07692642,2551.66666306,5551.53846432,4332.05128219,173,250
120,851.53845432,6361.41026086,6264.35897860,3731.02563992,7437.17949392,1496.41025058,4839.87179613,1149.99999347,7031.28205719,583.71794094,4642.43589827,5931.28205483,6345.64103009,5064.48718123,6279.48718380,35,77
109,1759.10255883,1919.99999507,3892.30769155,7411.41026308,8073.58975165,1484.74358391,3324.48717755,2364.87179091,1935.25640533,6242.94872219,737.43589000,2736.28204809,3217.30769016,2602.94871448,1731.28204594,72,170
101,6071.79487569,3959.61538399,1352.30768620,7657.05128928,6533.20513307,703.84614635,2774.35897124,7556.53846856,895.89742881,938.71794170,4322.94871809,6902.94872358,2428.46153457,4952.30769377,4234.61538462,230,210
32,2690.76922744,5482.82051546,2434.87179105,8082.43590557,1356.41025030,3770.12820409,4431.28205170,305.51281218,5282.94872011,2102.69230318,6772.17949253,861.66665951,5688.71795178,4816.15384734,4329.61538476,9,51
235,3921.66666598,5054.35897610,1474.61537871,4108.07692280,2177.69230332,7310.51282698,5273.58974575,3437.17948545,2101.41025190,8219.61539303,1859.87178980,1035.51281371,1145.64101904,6236.53846578,491.02563304,104,194
212,1444.99999410,4037.43589702,6383.97436349,7333.97436551,2701.53845828,1462.69230179,6237.30769655,4368.46153874,3162.17948489,4016.41025593,1296.28204503,49.99999111,5355.89743826,3635.64102432,886.92306984,133,151
236,3998.97435842,1198.20512175,6255.51282476,1431.02563505,7898.84616156,3929.23076854,8045.51282858,4455.89743632,6420.64103023,1730.76922542,5020.38461699,147.05127337,5751.15384935,506.79486388,2224.23076493,135,47
135,4933.46153992,1675.76922535,3524.48717796,3886.79487103,6041.92308075,2376.66666271,7105.64103169,1012.05127518,7224.74359607,1069.23076249,3859.87179404,2987.17948454,7782.69231520,6801.92308235,2629.99999660,30,14
28,3463.58974193,2681.02563769,4530.12820576,6492.56410729,3403.46153666,6005.00000369,3871.02564020,1191.66666021,2304.74358565,6683.46154361,781.02563366,2332.69230367,2309.74358565,7924.10257189,5054.10256577,36,19
214,2662.94871462,4058.97435856,5591.15384901,2701.41025315,1453.97435307,7196.92308318,3354.74358787,1240.38460900,3198.46153624,7334.10257064,728.07691565,6540.64103051,6067.05128588,5361.02564339,4345.38461560,37,57
85,27.05127309,5694.48718255,637.43588980,1015.12819825,1745.25640498,4793.07692426,5758.97436217,4085.12820478,3982.56410201,5139.74359162,6676.02564617,6684.23077438,3187.56410034,4572.69230839,5472.94872052,124,78
3,7190.89744216,5297.30769454,2332.56409854,2886.41025350,3852.17948635,2134.48717504,7620.12821229,8041.92308499,6172.69231180,6898.97436461,6358.97436343,4483.71794921,2271.28204712,3544.10256258,5176.92307887,245,104
81,4260.76923077,1365.38460927,1232.94871156,6116.92308089,2772.82050970,1960.12820027,1226.92307053,5800.12820840,3734.35897325,1829.87178973,3953.20512758,3346.41025447,5382.56410500,6098.46154236,539.10255625,176,240
161,4653.20512904,3924.99999931,6485.89744063,4063.84615343,6390.25641478,1836.79486666,5861.15384956,6524.87179967,943.71794170,6829.23077472,3019.23076659,7555.76923779,8023.20513620,4063.07692266,690.64101814,198,109
35,3505.64102405,4779.61538573,6553.58974846,2716.53845828,3763.84615281,1032.56409576,3470.38461372,607.82050511,2101.66666215,5071.92307866,3475.38461372,3012.69230506,5479.48718206,8367.82052151,2679.87179154,18,75
45,1535.38460962,1568.33332764,7761.15385359,4743.58974464,3885.64102488,121.15383740,8172.43590578,2415.25640637,2581.15384261,7403.33334001,6918.20513384,6560.25641512,2906.28204844,4650.12820597,2998.20512557,73,55
112,7865.12821278,1101.79486513,3148.97435662,3471.66666500,7883.20513592,6221.92308110,3323.46153652,891.15383907,4356.28205149,3545.89743444,2470.25640651,5413.20513064,5854.48718290,7970.38462324,1957.56409770,27,112
197,2841.92307394,3161.53845925,5733.07692621,4534.35897499,8082.17949531,2014.74358502,3151.92307463,3451.02563936,1419.61537864,1128.58973699,4596.28205205,709.99999250,5214.61538663,60.12819624,1596.66666104,105,31
146,7797.43590494,7434.61539136,7033.07692899,6333.97436336,6368.71795324,1902.56409756,3132.17948482,139.74358106,3.84614489,5922.43590098,6045.64102947,8378.71795748,3656.53846029,2680.64102231,5962.43590105,4,77
154,602.82050511,7322.69231423,1746.66666139,2171.66666229,7042.43590335,919.10255709,325.12819679,8360.25641895,6622.56410757,7447.56410931,5941.79487541,1719.74358440,1090.38460872,6076.41026031,6901.79487743,254,68
51,2235.12820089,1960.25640540,754.10255667,4555.89743653,7303.84616031,274.10255570,883.58973644,274.35896595,8075.51282865,6181.79487590,6353.20513266,693.07691558,5186.53846356,1359.87178876,2374.87179091,8,243
110,4517.69230825,3261.02563894,7669.87180210,132.17947850,3721.41025530,1688.84614843,6208.46154263,1397.56409652,5801.66666994,8355.64103433,6905.25641589,1184.99999354,6272.94872226,3039.10256154,6655.00000508,42,30
17,5000.89743750,5065.12820687,3639.48717817,1466.02563512,2376.79486784,4286.28205136,8339.61539331,2306.28204719,6681.79487694,331.02563276,6444.87179953,1231.41025002,4964.35897589,6496.92308165,4906.79487319,70,82
81,1795.76922556,3000.76922813,3382.56410076,6519.74359454,2095.38461080,7670.51282774,175.89742728,6747.05128734,2830.76922779,7616.53846870,5975.12820881,2661.28204795,2333.71794469,7230.89744222,6154.35897839,205,230
227,560.38460761,1407.56409652,4840.64102690,4239.61538462,4004.35897388,6306.15385054,2805.89743284,4010.51282003,5657.69231068,539.99999215,1024.35896755,3083.46153596,488.58973560,3542.17948565,853.97435182,122,248
130,5767.82051602,127.82050407,4041.53846113,2271.79486763,6555.00000487,465.64101765,5691.02564409,453.71794066,6845.00000549,6734.74359503,6921.66667230,1583.97435335,1702.82050740,8106.66667487,4196.15384602,13,228
162,1405.38460934,3756.79487076,8143.71795699,4760.76923188,7376.92308353,5940.76923439,7115.51282656,1082.30768557,6975.89744167,7092.43590349,5758.58974679,1923.46153353,1382.94871191,1798.33332813,4875.12820645,32,41
111,2872.05127914,2354.74358572,6577.05128699,2139.74358530,743.58973616,4888.46153979,1830.89743076,3721.66666556,781.53845418,3001.41025377,1303.20512196,3000.12820249,2853.58974061,163.07691439,3280.89743382,113,23
146,2092.30768773,5605.38461824,4387.43589772,2244.74358551,6578.58974853,4987.82051435,2246.53845730,3788.20512724,4505.00000056,7784.87180238,491.53845355,3533.84615232,4991.41025801,6565.38462032,294.74358134,115,34
34,4019.10256362,7552.30769933,974.48717254,7745.76923821,8012.17949517,5418.97436148,4786.41025753,3178.46153617,6845.12821062,131.66665798,8130.64103384,2004.87179015,205.12819659,430.76922271,4847.05128331,96,80
88,7163.33333952,5980.25641394,6268.46154270,1603.46153284,6539.87179974,8015.12821312,6009.48718324,849.23076201,317.69229936,1264.35896804,1782.56409736,8044.23077730,7998.97436690,600.38460768,6547.56410743,25,250
59,2158.71794427,1927.82050789,6589.74359468,2148.07691863,3976.28205073,2155.89743145,2679.10256077,6242.43590168,3517.43589591,8050.00000806,3746.02563999,7359.48718609,4253.58974359,2197.82050845,1485.12819930,190,58
10,7172.43590362,5310.25641248,6286.15385047,6880.25641582,5817.94872129,6261.53846578,6049.48718331,383.33332514,1833.84614871,7378.97436558,3382.82051102,2473.07691933,7914.87180266,7017.69231353,6540.38462025,11,95
26,4166.28205108,2548.58973998,6377.17949170,41.66665778,1921.53845661,4324.48717963,1608.46153291,2354.48717546,1921.28204635,218.46152992,1809.35896922,429.99999194,1189.74358329,5200.25641228,6696.53846675,71,228
231,7875.38462303,1737.69230235,2368.97435502,7504.74359663,6333.07692746,7911.66667445,1648.71794323,2688.71794539,3802.30769134,4802.94871913,1766.41025113,4670.12820604,3233.71794657,7874.35898201,5149.61538650,81,84
187,4612.43589820,7015.00000584,7572.05128907,7878.20513592,3146.15384380,4568.58974429,2696.28204802,2008.97435425,5181.79487374,3032.43589487,8005.12821305,6375.76923529,6912.30769794,1352.94871184,7924.61539240,61,106
152,6477.05128678,7938.71795650,1152.69230116,1863.58973852,1030.38460858,5463.97436155,812.69230040,6420.38461997,1551.28204559,174.23076062,3486.15384456,1316.15383997,2619.48717602,923.07691606,1232.05127566,195,218
85,2652.56409916,374.10255591,8154.35898263,586.53845376,3694.99999882,3569.61538316,939.10255709,2370.76922681,4304.10256425,103.46152971,415.51281239,386.41024821,6047.43590126,8017.94872594,6836.66667216,72,237
14,4506.92307748,4061.79487138,6936.53846724,2144.10255966,6582.17949212,1183.20512175,1866.66666160,4880.89743722,5287.94872018,2152.05127761,502.17947926,7922.82052061,3266.66666459,7131.53846766,2234.61538038,148,92
234,1577.56409694,517.94871003,7191.53846780,2383.71794476,6580.38462032,6634.35897944,8124.74359795,5907.69231124,7724.74359711,7220.38462164,8374.61539337,5781.79487506,6298.71795303,6403.07692767,2838.84615086,180,71
83,193.46152985,8072.56411063,5436.15384866,6006.28205504,7511.53846842,7083.84615983,7277.05128845,585.89742812,6104.23077313,5981.28205497,7847.30769996,2806.79486874,5433.84615635,7902.05128977,7979.61539254,17,34
187,5815.76923411,3899.35897360,7305.38462185,4501.92307748,6976.79487757,6457.43590210,202.82050428,204.99999146,366.28204309,5641.02564395,7897.43590515,307.94870961,6829.10256960,7299.87180134,8347.05129074,6,128
213,1468.33332743,7368.71795532,968.20512126,1823.84614871,401.02563290,5445.89743840,8216.02564944,701.79486429,3264.35897228,226.28204274,6280.12820944,1174.48717296,712.43588994,2168.46153409,6760.12821041,21,59
237,5834.48718283,2839.48717650,7994.23077716,7902.05128977,7908.07693079,4742.43589848,326.79486346,1522.56409680,2635.12820173,2653.46153506,2880.76922785,2742.82050963,6205.51282469,3303.33333132,2037.30768766,46,198
7,2708.97435571,2122.43589292,2147.17948274,8102.43590557,3078.84615135,422.43588931,2439.61538080,7883.84616156,7972.94872580,3145.25640790,4957.43589897,3001.53845890,8221.92308533,5573.33333612,5933.33333688,240,237
161,2418.33332945,5076.79487354,518.84614593,6050.89743972,1676.53845612,6126.92308089,6841.79487729,3169.35897207,215.89742735,6674.23077438,21.92306796,6035.89743965,3159.23076694,7751.92308436,5247.69230978,96,214
175,1303.20512196,6896.66667230,708.84614635,7363.71795532,7328.46154500,5737.82051595,7356.15385276,5210.38461740,4533.58974422,2561.41025287,8067.30770037,5165.25641221,1702.69230228,3354.99999813,1435.25640428,158,107
227,3354.87179300,404.48717136,1057.82050608,3244.61538247,6877.05128761,5537.30769502,4581.92307762,706.15383865,2088.97435439,4810.89743708,5790.12820840,1833.07691794,4911.53846293,6948.58974929,4518.07692364,21,69
198,2876.53845862,3869.23076840,1321.28204510,6872.69231326,2544.87179126,1218.46153207,3476.28204962,2576.41025287,1053.46153173,228.20511966,5543.46154118,4135.38461518,3233.58974144,1400.64101960,5877.82051630,78,225
154,5811.92308026,5229.10256619,7568.97436600,913.84614676,6374.23077375,1805.38461025,5525.25641297,7738.46154583,4025.25640977,6505.76923557,4518.84615441,7690.51282781,741.66665924,6953.33333904,379.23076104,235,120
146,1512.17948142,4388.46153874,7279.74359614,2619.61538114,5369.10256647,6428.97436356,7294.10257057,3620.76922945,2734.23076604,5278.46154062,5240.38461747,6544.35897923,4401.79487215,57.69229880,7707.05128935,110,67
161,5583.58974644,3514.99999848,177.30768370,8386.41026517,1616.15384060,2919.87179203,7055.38462129,3265.38461330,6970.12821090,2019.87179015,336.53845327,5643.07692600,7828.33334091,1745.76922549,147.17947850,99,148
244,1133.07691648,5323.71795101,3228.58974144,7761.53846898,7638.20513537,7218.07692933,7721.28205865,879.99999285,5288.84615607,6973.97436475,3405.25640845,5009.10256570,8174.23077757,4052.69230728,1831.92307178,26,248
85,8245.76923925,1893.97435398,5209.35897638,7372.94872455,475.51281253,1087.43589077,2299.48717539,7223.33333966,5497.94872059,4165.38461518,6283.71795303,1547.30768661,1190.64101918,108.20511945,5992.30769599,220,247
50,3940.64102502,7708.07693038,3538.33333181,1809.87178973,2426.28204739,3103.58974116,4375.12820541,3184.61538240,6809.87180030,541.66665882,7120.89744195,8011.66667466,6509.23077403,6706.02564624,4979.35897589,97,184
106,7986.41026434,1158.84614732,3451.53845987,314.35896602,255.64101717,6025.12820888,2938.20512543,1543.07691738,6535.64103051,4378.20512849,3099.23076680,4032.69230721,7489.48718637,3963.97435835,1026.53845473,47,150
238,2975.25640755,6625.38462039,5379.10256647,8258.71795720,3314.99999806,4600.00000077,3507.82051123,635.38460774,4878.71795004,4861.92307825,4018.71794824,2965.25640755,4615.38461615,492.56409465,5214.48718151,19,7
126,2474.35897061,1625.38460983,8289.74359829,4583.71794942,5747.94872115,6180.25641436,6513.71795352,2581.79486825,5966.28205490,5341.28205358,4609.61538538,8189.35898270,6538.07692794,62.82050393,6523.71795352,78,189
68,2042.30768766,3552.69230624,779.48717213,4936.66666813,220.64101710,6062.82051665,5565.38461817,7275.51282691,548.33332549,4113.58974332,8043.20513627,7032.43590335,1786.53845633,7053.20513412,5510.51282316,221,247
136,274.48717108,5164.23077118,8167.05129032,343.46153020,7518.20513516,7712.56410986,4190.51282038,7068.71795470,630.51281287,5120.64102752,30.25640130,3237.43589529,5024.35897603,1375.89742979,6103.84615774,215,241
82,3805.25640929,6325.38461977,5040.12820680,6739.10256939,597.94871024,5909.74359329,2878.46153555,4696.53846252,6405.38461997,1066.53845480,6149.10256814,7066.02564701,6023.07692683,6253.07692732,6650.64103072,143,230
228,7577.56410959,7395.51282719,3435.89743416,406.41024828,349.23076097,7453.46154528,1412.43589146,7566.53846856,5110.25641207,7060.12821111,4271.66666674,5590.38461824,4649.23077007,5691.28205434,5135.89743778,230,120
127,7696.15385345,6611.79487680,7876.53846919,3349.35897249,1993.07691829,6429.61538921,1733.46153311,1848.33332826,6267.17949142,4256.66666667,5851.41025982,5589.74359260,1375.76922466,4339.10256431,7608.84616094,56,15
181,7248.20513453,3167.94871566,3661.92307568,4081.92307658,7911.41026420,8147.30770058,7252.69231402,1164.61537809,7715.00000737,1540.38460962,549.61537677,4469.23076972,7861.53846919,578.71794094,6409.10256869,35,132
88,7798.71795623,505.76922285,1804.35896915,1454.87178897,3536.66666514,5357.94872032,6209.48718366,5860.51282392,3988.58974304,7958.20513606,419.99999187,2715.12820187,3585.51281913,1217.56409618,3853.07692225,178,127
178,7201.02564728,5838.20513154,7133.07692920,3910.51281982,5944.74359336,4113.84615357,699.61537711,585.89742812,3851.41025558,4400.64102599,7666.28205851,5435.12820763,7954.87180273,1046.15383935,318.07691474,17,57
238,585.64101786,2062.94871330,2302.30768821,4579.48718019,7164.35898055,5470.76923334,5320.12820743,1106.28204462,6591.02564596,2156.53845710,3699.87179369,256.41024794,5857.05128546,271.15383775,2198.07691870,33,212
39,4170.89743576,5809.10256737,7669.23077646,3399.23076743,8147.17949545,5791.79487506,6620.51282552,4421.79487215,5839.74359308,4171.92307679,6319.10256848,2389.23076527,2607.05127858,5438.46154097,88.71793990,134,178
220,1122.43589084,3255.64102356,2770.38461226,3758.97435794,7597.56410966,5168.46154041,2391.92307297,8141.53846981,3941.53846092,1174.35896783,5700.00000306,1977.43589265,3665.25640901,6560.00000487,7794.23077674,248,45
252,5971.66667028,7335.12821166,8285.89744445,3287.30769030,5223.20513029,806.92306963,463.33332535,1444.10255820,316.79486346,4251.02564103,3157.30769002,1692.82050740,6407.94872254,8152.82052109,4123.20512793,44,38
173,24.74358078,5696.92307998,206.66665812,1095.89742923,7251.66667299,5048.97436065,1779.61537941,8286.02564958,382.56409437,4271.92307700,1407.17948114,6775.76923612,5934.48718303,6714.10256932,6446.53846620,252,133
255,1857.30768724,3974.87179432,8389.10257286,1292.56409631,2204.99999570,6380.51282503,1046.53845473,5566.66666945,4244.23076923,4245.00000000,3103.20512578,6806.41026183,980.12819818,3262.56410048,6458.58974825,169,106
22,7678.46154569,4887.56410389,7418.46154521,5175.51282246,6538.07692794,4675.89743680,1291.15383990,8257.43590592,4736.66666771,7528.20513516,2421.53845765,7857.56411021,740.25640283,7517.94872490,6808.71795414,251,249
9,5487.05128470,1923.71794379,6394.87179939,290.76922237,3460.51281885,6752.82051811,5246.02564311,7624.35898152,7361.15385276,6848.84615934,6997.82051866,3924.23076854,7582.17949427,4930.00000146,7329.48718602,232,7
249,3860.89743507,2395.38461143,2611.53845807,2527.56409895,160.64101696,3116.41025398,6891.02564659,3729.99999889,1324.23076305,2458.58973977,2817.43589438,4743.07692412,2900.38461254,2793.97435592,2633.97435557,113,59
244,3187.43589522,8176.79488014,7927.30770009,6722.82051804,7775.00000744,2544.10256049,3739.48717838,146.92306824,299.35896602,8042.82052088,64.10255521,101.79486304,3505.64102405,3987.30769176,1939.61537976,4,218
187,6439.87179953,4492.94871844,7275.00000640,6858.07692857,8389.10257286,3327.43589549,1758.46153318,76.15383733,1026.41024960,2562.30768877,6098.20513210,5528.97436169,1187.17948072,3840.64102481,4472.56410305,2,98
216,5536.41025912,8250.25641874,4630.00000084,4998.97436058,2938.58974081,2645.51281711,2486.53845779,5533.33333605,1171.66666014,583.20512043,2209.23076493,7874.23077688,620.76922306,3187.05127983,1292.05127580,168,208
233,1525.12819936,4134.99999973,2068.07691849,3536.15384463,1870.38461032,7701.15385345,6297.69231200,1102.43589077,5487.82051546,2902.30768946,3027.17948461,1035.38460858,1371.79486568,1502.82050699,7871.53846919,33,180
205,6523.97436377,8281.53847009,6132.94872191,7334.48718602,2547.82050921,5926.02564457,5569.74359253,4077.05128171,5589.48718234,2977.05127935,1558.97435328,1988.58973880,621.79486409,3242.56410041,5787.69231096,124,135
149,1015.51281364,6644.23077431,6854.23077472,5396.92307936,6404.87179946,5892.69231117,1101.15383949,5016.79487340,1328.58973741,31.66665771,3005.64102300,5692.30769537,982.56409562,5444.74359225,7318.07692954,152,93
40,3942.56410194,1582.56409694,6031.41026017,6859.87180043,5741.53846467,3026.02563846,6993.97436482,7065.89744188,5638.71795164,6938.71795442,166.28204267,5999.10256779,5946.02564464,3808.71794782,4541.53846217,215,183
61,6608.07692808,2806.66666361,4822.17948836,1342.69230151,1704.35896894,28.71793976,3817.94871705,1554.10255841,3234.87179272,3873.97435821,5199.10256612,750.89742847,451.53845348,138.58973491,1253.58973727,47,76
229,1142.17948058,6896.92308256,745.89742847,6692.82051797,7730.38462275,167.69229908,6628.33333834,3025.12820256,5405.51282295,1902.05127705,4715.00000098,7363.33333994,1887.56409756,1812.43589230,26.79486283,92,147
41,1248.20512189,7395.12821180,6712.30769752,4572.30769301,5454.35897693,3914.99999931,3498.84615225,1561.41025072,4919.35897575,6825.12821055,6231.28205546,6004.23077292,1017.69230089,7565.89744292,8275.00000855,47,239
7,1511.66666090,3776.02564006,3199.87179265,5953.71795234,7096.53846759,947.69230068,2337.94871392,6718.07692829,1120.25640366,8367.82052151,4522.05128261,2621.53845807,3637.82051150,659.87178730,2817.43589438,204,188
222,251.53845306,7298.71795518,5318.84615614,2285.51281635,7423.33334008,5041.15384783,2910.51281767,507.56409465,7338.71795525,5883.33333681,7287.69231416,4683.20512911,1444.99999410,4292.82051289,4465.00000049,15,153
211,1877.05127705,5998.07692676,5260.76923293,5125.51282239,7393.33334001,7701.28205858,4305.64102578,1906.02563610,270.25640185,914.35896728,3529.74358822,8267.56411105,3955.25640963,1276.53845522,8355.00000869,58,103
95,1673.97435356,7882.94872567,3337.17948524,5030.38461706,4812.17948836,5862.94872136,6579.61538955,7305.64103211,4255.25641026,2589.61538108,2833.97435599,8115.38462359,2009.48717477,3785.25640929,1677.05127664,222,156
46,110.76922202,1831.92307178,2571.02563749,831.28204406,843.84614662,6865.12821069,8295.76923932,590.12819735,6850.64103113,5442.05128456,6802.56410799,7138.97436509,932.94871093,4487.30769280,4557.56410319,17,176
140,5804.87179814,5122.56410444,6155.00000403,262.94870954,2183.07691870,518.46153054,3663.46153721,5713.46154159,62.56409367,2342.43589341,7283.07692947,2023.33332861,7141.92308304,3308.58974158,3137.82051046,174,227
220,5272.94872011,3506.66666507,1115.64101897,4083.20512786,280.25640185,3919.48717880,653.33332569,2470.89743215,1526.15384039,6321.41026079,1850.51281544,1453.58973769,3614.10256279,5992.82051651,6223.84615802,75,177
18,2312.56409847,1021.15383935,5812.30769565,1073.71794198,1144.10255751,4763.97436009,4432.05128247,5253.97436113,6493.97436370,3162.30769002,2623.84615038,8132.69231590,1962.82050796,1618.07691752,2323.07691898,160,240
87,7560.51282753,832.56409534,3562.94871649,2058.07691843,5493.20513085,5453.20513078,7329.87180141,7031.02564694,5313.58974582,6353.97436343,5744.48718269,2429.87179105,5408.46154090,6581.79487673,7582.56410966,214,118
242,5519.35897707,4715.00000098,2636.41025301,4876.15384748,6820.12821055,6188.97436308,3392.82051102,7197.56410882,8382.82052158,1964.23076437,1406.28204524,38.20511931,3159.48717720,2393.46153450,4809.23077042,219,105
114,4997.43589904,5332.56410486,4908.84615524,1066.41024967,3626.53846022,3840.38461455,8202.69231603,7752.56411000,1890.12820013,842.69230047,3588.58974220,1486.66666083,1627.17948162,1214.61537823,5300.38461761,236,56
90,7303.58975006,2382.30768835,6616.79487680,6015.38461914,4964.23077076,2318.71794462,3667.05128080,2558.71794511,3409.87179307,3355.25640838,1576.92307130,6664.61538976,2695.51281725,7135.76923689,8256.92308540,77,44
34,7965.12821298,4439.35897478,7680.51282781,1029.23076242,6848.07692857,4207.82051275,3513.07692155,2618.97435550,7752.69231513,1727.30768696,7809.61539212,2056.66666201,6249.23077347,3027.30768974,5283.71795088,79,53
105,1374.74358363,2345.51281649,4611.41025718,6083.46154236,6788.20513356,183.97435036,8390.51282927,7559.61539164,8008.84616184,3490.38461379,8028.46154646,5295.25641248,6653.84615892,6487.05128678,1698.20512279,230,98
236,842.94871073,8111.53846974,6837.05128754,4079.61538427,5376.79487416,6971.15385193,2769.74358662,279.23076083,1043.71794191,6923.71795435,1166.41024988,6119.23077320,4813.46153965,605.76922306,1433.20512223,8,163
235,4272.30769238,6263.20513245,3429.48717775,2242.30768807,7289.23077570,5252.82051498,3528.71794719,320.64101731,3151.15384386,2462.82050907,1736.79486645,4422.17948753,1749.99999472,3016.15384352,4157.94871774,9,226
177,653.33332569,3668.33333209,4583.07692378,2971.66666396,6585.00000494,6199.74359385,8128.84616205,2145.76922633,4411.15384651,5045.76923244,6002.05128574,1920.89743097,785.64101828,7248.97436530,3062.43589494,65,175
19,1888.07691808,4321.28205142,3703.58974241,4861.41025773,3311.79486978,4029.61538413,4564.87179557,4987.05128358,2814.74358669,2393.71794476,1812.05127691,6213.20513238,5227.05128414,5465.38461796,5616.92307985,151,181
248,7606.41026350,1029.48717268,5818.71795206,5263.97436113,1.92306796,7524.23077618,6008.20513196,3003.20512557,5119.87179668,3523.46153694,1684.48717407,2344.74358572,2539.99999639,4308.20512835,4801.66666785,91,23
131,3198.84615163,440.64101758,5128.84615573,1386.53845550,3416.41025468,6792.69231305,5872.05128546,2952.56409979,4756.15384720,7632.82051998,1865.38461032,6458.46154312,44.48717060,6550.00000487,6848.84615934,89,155
105,322.43588910,2379.99999604,2970.76922806,6276.41026072,5878.97436245,5362.94872032,6668.71795386,7091.66667272,826.53845432,1506.92307109,8124.35898256,1154.99999347,3292.94871594,2681.66666334,7617.82051998,216,16
147,5224.48718158,2874.61538170,700.12819763,4659.23077007,2107.43589292,7368.84616045,6201.02564513,840.76922355,7009.61539046,633.20512057,1830.51281537,1330.64101946,3742.82051178,4681.41025732,4188.84615371,25,182
198,2397.94871406,3959.99999938,7891.15385387,3521.53846001,1548.84614815,2528.46153485,8150.89744417,5591.53846439,6865.76923633,7649.35898159,6231.53846571,185.38460677,8030.00000799,3883.84615309,2620.89743243,170,130
203,6589.87179981,661.92306935,3040.76922820,1477.05127622,1929.35896943,3742.94871691,1048.71794191,1529.61537885,533.07691523,5762.94872115,3469.74358808,6875.76923633,2084.35896978,5452.05128463,4933.46153992,46,175
103,1353.33332722,5528.84615656,5926.92308047,3902.43589668,6686.53846668,80.64101682,2837.05127907,7236.79487812,6865.89744146,2490.25640651,740.51281308,7584.74359684,222.69229915,7988.71795664,5030.76923244,220,247
13,4716.53846252,4192.30769217,4756.92307797,2995.25640762,4878.46153979,4386.66666695,3001.53845890,2288.97435481,7969.48718734,7445.89744264,6508.97436377,846.28204406,1512.05127629,2926.41025363,1764.35896908,69,42
127,567.05127427,7896.15385387,1749.48717421,4377.94871823,5872.82051623,1560.64101995,865.89742874,1441.28204531,443.20512015,1861.41025134,3068.46153596,2888.20512536,945.38460837,2747.69230450,5960.12820875,43,222
246,3771.79487076,7308.20513467,5258.58974575,690.64101814,7673.20513544,5010.00000160,5829.74359308,7424.35898110,3554.61538316,5152.43589932,821.53845432,8314.87180349,2364.99999604,6435.12820979,8198.58975193,226,157
33,5321.66666896,5594.10256696,1860.38461032,2917.43589459,1119.61537802,4231.92307686,4666.66666757,8247.05129053,2028.07691836,591.79486409,7084.61539060,4966.28205281,7295.76923724,6920.64103127,5802.94872122,251,98
128,2120.38461087,3601.28204990,1999.48717470,3725.76922966,1036.02563422,3812.69230679,2406.02563714,6573.07692801,2470.12820138,3156.41025412,6594.48718442,6391.28205580,3130.25640790,3467.43589577,8160.89744417,200,5
252,8088.97436711,4739.61538566,3648.84615260,1318.07691690,4362.94871816,5345.51282281,3084.10256160,599.61537691,2564.35897082,5136.66666855,451.15383810,6996.53846738,6797.82051824,3813.71794782,211.02563248,18,229
218,2543.71794511,2513.33332965,68.33332451,44.87178598,8130.51282872,2981.79486909,4106.53846126,7070.89744188,2159.35896992,3331.79486985,4382.82051310,499.87178695,228.71794017,6750.12821041,1651.92307144,215,88
213,4563.46153916,6180.51282462,7426.53846828,3444.99999827,240.76922230,7470.25641707,5825.25641360,747.30768488,5876.92308040,4271.79487187,1488.84614801,5257.05128421,349.87178661,7908.20513592,1263.33332701,22,98
29,2628.84615045,1880.38461039,1970.64102085,578.71794094,7988.97436690,1764.48717421,8321.66667529,1298.46153221,8125.76923897,3729.23076812,2776.02563790,7942.94872580,6274.74359406,935.25640324,8370.64103440,39,9
82,7973.58975145,7385.00000667,4323.46153860,2777.94871483,4063.20512779,2683.71794539,7618.58975075,398.33332521,4035.76923029,7107.69231374,3462.94871628,7857.56411021,1005.38460851,5539.35897707,6614.74359475,12,49
60,4644.10256494,616.15383844,2799.23076618,5183.20513015,8043.33334140,6760.76923605,1590.12819950,7856.02564867,5257.30769447,3194.74358752,1769.35896908,5076.66666841,2863.46153555,4518.46153902,6266.66667091,239,216
235,143.20511952,1303.33332708,3352.43589556,1134.99999340,854.61537746,7198.20513446,8058.07693114,3497.17948559,3429.23076750,1054.48717275,4451.41025683,7027.17949309,4931.53846300,8102.69231583,2381.28204733,106,11
251,3507.17948559,2882.56409965,388.20512001,36.28204239,1550.25640456,4484.61538511,1605.51281489,7465.51282733,8240.38462387,2761.15384303,1510.25640449,6241.15385040,7743.33334070,3633.71794740,2739.99999681,227,39
226,6496.41026114,2443.97435516,7688.71795602,3507.56410097,5582.43590029,6404.87179946,4788.07692419,4428.84615420,957.82050588,7548.84616087,5056.66666841,603.58973588,3273.97435689,538.33332549,323.46153013,134,87
2,2273.58973942,6428.07692767,950.25640324,3353.97435710,3241.41025426,1476.02563512,2927.43589466,2688.20512487,1153.71794219,498.33332542,340.38460712,3559.35897290,4263.58974359,5380.89743826,1882.05127705,81,30
109,252.05127358,1110.38460872,8176.79488014,5498.71795136,2286.79486763,5247.05128414,6312.82051720,1376.28204517,2177.56409819,1560.25640456,5748.58974679,2894.23076639,7851.02564867,1383.20512216,1549.99999431,41,124